gap_score	verdict	action	user_notes	pmid	journal	doi	pmc_id	doi_prefix	pdf_sources	supp_source	supp_available	reads_accessions	reads_source	n_runs	total_gb	note
3				31175806	Am J Clin Nutr	10.1093/ajcn/nqy325	PMC6669062	10.1093	NONE	NONE	False	NONE	NONE	0	0.0	
3				31291462	Am J Clin Nutr	10.1093/ajcn/nqz139	PMC6736447	10.1093	NONE	NONE	False	NONE	NONE	0	0.0	
3				30433760	Anal Chem	10.1021/acs.analchem.8b03727	PMC6434709	10.1021	NONE	NONE	False	NONE	NONE	0	0.0	
3				37534641	Beijing Da Xue Xue Bao Yi Xue Ban	10.19723/j.issn.1671-167X.2023.04.008	PMC10398777	10.19723	NONE	NONE	False	NONE	NONE	0	0.0	
3				33541122	Biol Res Nurs	10.1177/1099800421991656	PMC8755954	10.1177	NONE	NONE	False	NONE	NONE	0	0.0	
3				30373903	Cancer Epidemiol Biomarkers Prev	10.1158/1055-9965.EPI-18-0542	PMC6363867	10.1158	NONE	NONE	False	NONE	NONE	0	0.0	
3				33249197	Cancer Lett	10.1016/j.canlet.2020.11.030		10.1016	NONE	NONE	False	NONE	NONE	0	0.0	
3				34162680	Cancer Res	10.1158/0008-5472.CAN-21-0453		10.1158	NONE	NONE	False	NONE	NONE	0	0.0	
3				37245872	Chin J Nat Med	10.1016/S1875-5364(23)60451-0		10.1016	NONE	NONE	False	NONE	NONE	0	0.0	
3				29914865	Clin Chem	10.1373/clinchem.2018.289728		10.1373	NONE	NONE	False	NONE	NONE	0	0.0	
3				34514218	Curr Opin Physiol	10.1016/j.cophys.2021.100472	PMC8425411	10.1016	NONE	NONE	False	NONE	NONE	0	0.0	
3				34619680	Digestion	10.1159/000519487		10.1159	NONE	NONE	False	NONE	NONE	0	0.0	
3				36349755	Digestion	10.1159/000527170		10.1159	NONE	NONE	False	NONE	NONE	0	0.0	
3				37714033	Ecotoxicol Environ Saf	10.1016/j.ecoenv.2023.115475		10.1016	NONE	NONE	False	NONE	NONE	0	0.0	
3				33525770	Emerg Top Life Sci	10.1042/ETLS20170045		10.1042	NONE	NONE	False	NONE	NONE	0	0.0	
3				34213504	Eur J Gastroenterol Hepatol	10.1097/MEG.0000000000002181		10.1097	NONE	NONE	False	NONE	NONE	0	0.0	
3				36736685	Exp Mol Pathol	10.1016/j.yexmp.2023.104855		10.1016	NONE	NONE	False	NONE	NONE	0	0.0	
3				28823860	Gastroenterology	10.1053/j.gastro.2017.08.022		10.1053	NONE	NONE	False	NONE	NONE	0	0.0	
3				30550822	Gastroenterology	10.1053/j.gastro.2018.12.003	PMC6441634	10.1053	NONE	NONE	False	NONE	NONE	0	0.0	
3				32920015	Gastroenterology	10.1053/j.gastro.2020.09.003		10.1053	NONE	NONE	False	NONE	NONE	0	0.0	
3				28951525	Gut	10.1136/gutjnl-2017-314968		10.1136	NONE	NONE	False	NONE	NONE	0	0.0	
3				29437871	Gut	10.1136/gutjnl-2016-313498		10.1136	NONE	NONE	False	NONE	NONE	0	0.0	
3				36585238	Gut	10.1136/gutjnl-2022-328389		10.1136	NONE	NONE	False	NONE	NONE	0	0.0	
3				36889619	Int J Biol Macromol	10.1016/j.ijbiomac.2023.123927		10.1016	NONE	NONE	False	NONE	NONE	0	0.0	
3				30365870	Int J Cancer	10.1002/ijc.31941	PMC6430704	10.1002	NONE	NONE	False	NONE	NONE	0	0.0	
3				33524545	Int J Radiat Oncol Biol Phys	10.1016/j.ijrobp.2021.01.032		10.1016	NONE	NONE	False	NONE	NONE	0	0.0	
3				37433373	Int J Radiat Oncol Biol Phys	10.1016/j.ijrobp.2023.06.2515		10.1016	NONE	NONE	False	NONE	NONE	0	0.0	
3				37436807	Int J Syst Evol Microbiol	10.1099/ijsem.0.005958		10.1099	NONE	NONE	False	NONE	NONE	0	0.0	
3				35381769	J Cancer Res Ther	10.4103/0973-1482.341139		10.4103	NONE	NONE	False	NONE	NONE	0	0.0	
3				31047664	J Chromatogr A	10.1016/j.chroma.2019.04.028		10.1016	NONE	NONE	False	NONE	NONE	0	0.0	
3				29432368	J Clin Gastroenterol	10.1097/MCG.0000000000000979		10.1097	NONE	NONE	False	NONE	NONE	0	0.0	
3				30106318	J Comput Biol	10.1089/cmb.2018.0072		10.1089	NONE	NONE	False	NONE	NONE	0	0.0	
3				37898344	J Control Release	10.1016/j.jconrel.2023.10.039		10.1016	NONE	NONE	False	NONE	NONE	0	0.0	
3				36942967	J Dent Res	10.1177/00220345231158269		10.1177	NONE	NONE	False	NONE	NONE	0	0.0	
3				36572328	J Ethnopharmacol	10.1016/j.jep.2022.116075		10.1016	NONE	NONE	False	NONE	NONE	0	0.0	
3				36603786	J Ethnopharmacol	10.1016/j.jep.2022.116125		10.1016	NONE	NONE	False	NONE	NONE	0	0.0	
3				37429503	J Ethnopharmacol	10.1016/j.jep.2023.116866		10.1016	NONE	NONE	False	NONE	NONE	0	0.0	
3				37288545	J Med Microbiol	10.1099/jmm.0.001699		10.1099	NONE	NONE	False	NONE	NONE	0	0.0	
3				30602267	J Microbiol Biotechnol	10.4014/jmb.1811.11010		10.4014	NONE	NONE	False	NONE	NONE	0	0.0	
3				29454999	J Nutr Biochem	10.1016/j.jnutbio.2018.01.005	PMC6022747	10.1016	NONE	NONE	False	NONE	NONE	0	0.0	
3				33347911	J Nutr Biochem	10.1016/j.jnutbio.2020.108567		10.1016	NONE	NONE	False	NONE	NONE	0	0.0	
3				34053222	J Proteome Res	10.1021/acs.jproteome.1c00147		10.1021	NONE	NONE	False	NONE	NONE	0	0.0	
3				29553541	J Vis Exp	10.3791/57182	PMC5931413	10.3791	NONE	NONE	False	NONE	NONE	0	0.0	
3				34022363	Microb Pathog	10.1016/j.micpath.2021.104964		10.1016	NONE	NONE	False	NONE	NONE	0	0.0	
3				29458855	Microbiol Res	10.1016/j.micres.2017.12.004		10.1016	NONE	NONE	False	NONE	NONE	0	0.0	
3				28926134	Mol Carcinog	10.1002/mc.22738	PMC5716916	10.1002	NONE	NONE	False	NONE	NONE	0	0.0	
3				37039269	Mol Omics	10.1039/d3mo00021d		10.1039	NONE	NONE	False	NONE	NONE	0	0.0	
3				35365452	Nan Fang Yi Ke Da Xue Xue Bao	10.12122/j.issn.1673-4254.2022.02.14	PMC8983358	10.12122	NONE	NONE	False	NONE	NONE	0	0.0	
3				30711862	Nutrition	10.1016/j.nut.2018.10.038		10.1016	NONE	NONE	False	NONE	NONE	0	0.0	
3				37195730	OMICS	10.1089/omi.2023.0034		10.1089	NONE	NONE	False	NONE	NONE	0	0.0	
3				37269754	Phytomedicine	10.1016/j.phymed.2023.154900		10.1016	NONE	NONE	False	NONE	NONE	0	0.0	
3				31068090	Tumori	10.1177/0300891619847085		10.1177	NONE	NONE	False	NONE	NONE	0	0.0	
2				30543514	Acta Medica (Hradec Kralove)	10.14712/18059694.2018.125		10.14712	unpaywall	NONE	False	NONE	NONE	0	0.0	
2				29608646	Am J Epidemiol	10.1093/aje/kwy064	PMC5982812	10.1093	unpaywall	NONE	False	NONE	NONE	0	0.0	
2				37490156	Amino Acids	10.1007/s00726-023-03308-y		10.1007	springer	NONE	False	NONE	NONE	0	0.0	
2				28300642	Anaerobe	10.1016/j.anaerobe.2017.03.012		10.1016	local_rescue	NONE	False	NONE	NONE	0	0.0	
2				37380012	Anaerobe	10.1016/j.anaerobe.2023.102757		10.1016	local_rescue	NONE	False	NONE	NONE	0	0.0	
2				37806638	Anaerobe	10.1016/j.anaerobe.2023.102784		10.1016	local_rescue	NONE	False	NONE	NONE	0	0.0	
2				37310720	Anal Chem	10.1021/acs.analchem.3c01085	PMC10640856	10.1021	unpaywall	NONE	False	NONE	NONE	0	0.0	
2				35129506	Ann Surg	10.1097/SLA.0000000000005261	PMC9023594	10.1097	NONE	NONE	False	PRJNA745994,PRJNA650009	europepmc	648	14.26	
2				37465976	Ann Surg	10.1097/SLA.0000000000006015	PMC10528779	10.1097	unpaywall	NONE	False	NONE	NONE	0	0.0	
2				30275180	Anticancer Res	10.21873/anticanres.12897		10.21873	unpaywall	NONE	False	NONE	NONE	0	0.0	
2				30655633	Arch Ital Urol Androl	10.4081/aiua.2018.4.227		10.4081	unpaywall	NONE	False	NONE	NONE	0	0.0	
2				30785527	Arq Gastroenterol	10.1590/S0004-2803.201800000-87		10.1590	unpaywall	NONE	False	NONE	NONE	0	0.0	
2				30292635	Biochim Biophys Acta Mol Basis Dis	10.1016/j.bbadis.2018.10.006	PMC6239937	10.1016	local_rescue	NONE	False	NONE	NONE	0	0.0	
2				33346799	Bioinformatics	10.1093/bioinformatics/btaa1056		10.1093	unpaywall	NONE	False	NONE	NONE	0	0.0	
2				36859821	Biol Res Nurs	10.1177/10998004231159623	PMC10404905	10.1177	unpaywall	NONE	False	NONE	NONE	0	0.0	
2				37904958	bioRxiv	10.1101/2023.10.17.562792	PMC10614880	10.1101	unpaywall	NONE	False	NONE	NONE	0	0.0	
2				37218575	Biosci Rep	10.1042/BSR20230609	PMC10272962	10.1042	pmc_oa,unpaywall	NONE	False	NONE	NONE	0	0.0	
2				35475151	BJUI Compass	10.1002/bco2.104	PMC8988526	10.1002	pmc_oa,unpaywall	NONE	False	NONE	NONE	0	0.0	
2				37003965	BMC Bioinformatics	10.1186/s12859-023-05251-x	PMC10067187	10.1186	pmc_oa,unpaywall	NONE	False	NONE	NONE	0	0.0	
2				37406190	Brief Bioinform	10.1093/bib/bbad255		10.1093	unpaywall	NONE	False	NONE	NONE	0	0.0	
2				30239257	Cancer Biol Ther	10.1080/15384047.2018.1507255	PMC6343685	10.1080	unpaywall	NONE	False	NONE	NONE	0	0.0	
2				30776583	Cancer Epidemiol	10.1016/j.canep.2019.02.001		10.1016	local_rescue	NONE	False	NONE	NONE	0	0.0	
2				30523039	Cancer Epidemiol Biomarkers Prev	10.1158/1055-9965.EPI-18-0773	PMC6420345	10.1158	unpaywall	NONE	False	NONE	NONE	0	0.0	
2				34737207	Cancer Epidemiol Biomarkers Prev	10.1158/1055-9965.EPI-21-0463	PMC8755593	10.1158	unpaywall	NONE	False	NONE	NONE	0	0.0	
2				34782392	Cancer Epidemiol Biomarkers Prev	10.1158/1055-9965.EPI-21-0188	PMC10416615	10.1158	unpaywall	NONE	False	NONE	NONE	0	0.0	
2				35101901	Cancer Immunol Res	10.1158/2326-6066.CIR-21-0666		10.1158	unpaywall	NONE	False	NONE	NONE	0	0.0	
2				30323670	Cancer Manag Res	10.2147/CMAR.S176260	PMC6175542	10.2147	pmc_oa,unpaywall	NONE	False	NONE	NONE	0	0.0	
2				33776484	Cancer Manag Res	10.2147/CMAR.S294936	PMC7989702	10.2147	pmc_oa,unpaywall	NONE	False	NONE	NONE	0	0.0	
2				34821068	Cancer Med	10.1002/cam4.4384	PMC8683548	10.1002	pmc_oa,unpaywall	NONE	False	NONE	NONE	0	0.0	
2				37766594	Cancer Med	10.1002/cam4.6534	PMC10587988	10.1002	pmc_oa,unpaywall	NONE	False	NONE	NONE	0	0.0	
2				29636352	Cancer Prev Res (Phila)	10.1158/1940-6207.CAPR-17-0370		10.1158	unpaywall	NONE	False	NONE	NONE	0	0.0	
2				33361317	Cancer Prev Res (Phila)	10.1158/1940-6207.CAPR-20-0270	PMC8026539	10.1158	unpaywall	NONE	False	NONE	NONE	0	0.0	
2				33809624	Cancers (Basel)	10.3390/cancers13061341	PMC8002270	10.3390	pmc_oa,unpaywall	NONE	False	NONE	NONE	0	0.0	
2				30403593	Cell Mol Biol (Noisy-le-grand)	10.14715/cmb/2018.64.13.8		10.14715	crossref_publisher	NONE	False	NONE	NONE	0	0.0	
2				36959686	Chin Med J (Engl)	10.1097/CM9.0000000000002421	PMC10686596	10.1097	pmc_oa,unpaywall	NONE	False	NONE	NONE	0	0.0	
2				37553874	Chin Med J (Engl)	10.1097/CM9.0000000000002752	PMC10684188	10.1097	pmc_oa,unpaywall	NONE	False	NONE	NONE	0	0.0	
2				33298472	Clin Cancer Res	10.1158/1078-0432.CCR-20-3445		10.1158	unpaywall	NONE	False	NONE	NONE	0	0.0	
2				33547199	Clin Cancer Res	10.1158/1078-0432.CCR-20-4699		10.1158	unpaywall	NONE	False	NONE	NONE	0	0.0	
2				34433650	Clin Cancer Res	10.1158/1078-0432.CCR-21-1906	PMC8563403	10.1158	unpaywall	NONE	False	NONE	NONE	0	0.0	
2				37832390	Clin Chim Acta	10.1016/j.cca.2023.117591		10.1016	local_rescue	NONE	False	NONE	NONE	0	0.0	
2				37980216	Clin Colorectal Cancer	10.1016/j.clcc.2023.10.004		10.1016	local_rescue	NONE	False	NONE	NONE	0	0.0	
2				32835795	Clin Microbiol Infect	10.1016/j.cmi.2020.08.021		10.1016	unpaywall	NONE	False	NONE	NONE	0	0.0	
2				37743721	Colorectal Dis	10.1111/codi.16733		10.1111	unpaywall	NONE	False	NONE	NONE	0	0.0	
2				35506038	Contemp Oncol (Pozn)	10.5114/wo.2022.114537	PMC9052348	10.5114	pmc_oa,unpaywall	NONE	False	NONE	NONE	0	0.0	
2				31680787	Curr Colorectal Cancer Rep	10.1007/s11888-019-00435-1	PMC6824596	10.1007	springer	NONE	False	NONE	NONE	0	0.0	
2				33456404	Curr Colorectal Cancer Rep	10.1007/s11888-018-0416-7	PMC7808211	10.1007	springer	NONE	False	NONE	NONE	0	0.0	
2				33224717	Curr Pharmacol Rep	10.1007/s40495-019-00196-3	PMC7678755	10.1007	springer	NONE	False	NONE	NONE	0	0.0	
2				35003805	Depress Res Treat	10.1155/2021/7967552	PMC8731300	10.1155	pmc_oa	NONE	False	NONE	NONE	0	0.0	
2				35096207	Dis Markers	10.1155/2022/7994074	PMC8794683	10.1155	pmc_oa,unpaywall	NONE	False	NONE	NONE	0	0.0	
2				30717148	Diseases	10.3390/diseases7010016	PMC6473706	10.3390	pmc_oa,unpaywall	NONE	False	NONE	NONE	0	0.0	
2				30885294	Elife	10.7554/eLife.45931	PMC6424561	10.7554	pmc_oa,unpaywall	NONE	False	NONE	NONE	0	0.0	
2				33405122	Environ Sci Pollut Res Int	10.1007/s11356-020-11961-z		10.1007	springer	NONE	False	NONE	NONE	0	0.0	
2				36868056	Eur J Cancer	10.1016/j.ejca.2023.01.024		10.1016	unpaywall	NONE	False	NONE	NONE	0	0.0	
2				30007819	Eur Urol	10.1016/j.eururo.2018.06.033	PMC6716160	10.1016	local_rescue	NONE	False	NONE	NONE	0	0.0	
2				29963455	Euroasian J Hepatogastroenterol	10.5005/jp-journals-10018-1251	PMC6024036	10.5005	pmc_oa,unpaywall	NONE	False	NONE	NONE	0	0.0	
2				30891076	Evid Based Complement Alternat Med	10.1155/2019/3870812	PMC6390313	10.1155	pmc_oa,unpaywall	NONE	False	NONE	NONE	0	0.0	
2				33852815	Expert Rev Pharmacoecon Outcomes Res	10.1080/14737167.2021.1917385		10.1080	unpaywall	NONE	False	NONE	NONE	0	0.0	
2				37740374	Food Funct	10.1039/d3fo01356a		10.1039	unpaywall	NONE	False	NONE	NONE	0	0.0	
2				34646786	Front Cell Infect Microbiol	10.3389/fcimb.2021.765843	PMC8504487	10.3389	pmc_oa,unpaywall	NONE	False	NONE	NONE	0	0.0	
2				38384432	Front Cell Infect Microbiol	10.3389/fcimb.2023.1288666	PMC10879579	10.3389	pmc_oa,unpaywall	NONE	False	NONE	NONE	0	0.0	
2				37082183	Front Microbiol	10.3389/fmicb.2023.1097892	PMC10110881	10.3389	pmc_oa,unpaywall	NONE	False	NONE	NONE	0	0.0	
2				34955830	Front Pharmacol	10.3389/fphar.2021.758830	PMC8694627	10.3389	pmc_oa,unpaywall	NONE	False	NONE	NONE	0	0.0	
2				37180722	Front Pharmacol	10.3389/fphar.2023.1113007	PMC10169664	10.3389	pmc_oa,unpaywall	NONE	False	NONE	NONE	0	0.0	
2				29887882	Gastroenterol Res Pract	10.1155/2018/5284754	PMC5977013	10.1155	pmc_oa,unpaywall	NONE	False	NONE	NONE	0	0.0	
2				29689266	Gastroenterology	10.1053/j.gastro.2018.04.018		10.1053	local_rescue	NONE	False	NONE	NONE	0	0.0	
2				30063920	Gastroenterology	10.1053/j.gastro.2018.07.028		10.1053	unpaywall	NONE	False	NONE	NONE	0	0.0	
2				33581124	Gastroenterology	10.1053/j.gastro.2021.02.020		10.1053	local_rescue	NONE	False	NONE	NONE	0	0.0	
2				36933623	Gastroenterology	10.1053/j.gastro.2023.03.205		10.1053	unpaywall	NONE	False	NONE	NONE	0	0.0	
2				29494510	Genes (Basel)	10.3390/genes9030133	PMC5867854	10.3390	pmc_oa,unpaywall	NONE	False	NONE	NONE	0	0.0	
2				37795928	Genes Chromosomes Cancer	10.1002/gcc.23208		10.1002	unpaywall	NONE	False	NONE	NONE	0	0.0	
2				35953094	Gut	10.1136/gutjnl-2022-327156		10.1136	bmj	NONE	False	NONE	NONE	0	0.0	
2				29420132	Gut Microbes	10.1080/19490976.2018.1435246	PMC6219647	10.1080	unpaywall	NONE	False	NONE	NONE	0	0.0	
2				29517944	Gut Microbes	10.1080/19490976.2018.1441663	PMC6219653	10.1080	unpaywall	NONE	False	NONE	NONE	0	0.0	
2				30008808	Gut Pathog	10.1186/s13099-018-0258-5	PMC6040075	10.1186	pmc_oa,unpaywall	NONE	False	NONE	NONE	0	0.0	
2				38018574	Immun Inflamm Dis	10.1002/iid3.1067	PMC10683560	10.1002	pmc_oa,unpaywall	NONE	False	NONE	NONE	0	0.0	
2				33771725	Infect Genet Evol	10.1016/j.meegid.2021.104816		10.1016	local_rescue	NONE	False	NONE	NONE	0	0.0	
2				30794281	Inflamm Bowel Dis	10.1093/ibd/izz020		10.1093	unpaywall	NONE	False	NONE	NONE	0	0.0	
2				30820436	Inflamm Intest Dis	10.1159/000495462	PMC6390416	10.1159	unpaywall	NONE	False	NONE	NONE	0	0.0	
2				31059977	Int Immunopharmacol	10.1016/j.intimp.2019.02.038		10.1016	local_rescue	NONE	False	NONE	NONE	0	0.0	
2				33844851	Int J Cancer	10.1002/ijc.33596		10.1002	unpaywall	NONE	False	NONE	NONE	0	0.0	
2				36522829	Int J Cancer	10.1002/ijc.34398		10.1002	local_rescue	NONE	False	NONE	NONE	0	0.0	
2				30200383	Int J Mol Sci	10.3390/ijms19092593	PMC6164679	10.3390	pmc_oa,unpaywall	NONE	False	NONE	NONE	0	0.0	
2				37175647	Int J Mol Sci	10.3390/ijms24097940	PMC10178054	10.3390	pmc_oa,unpaywall	NONE	False	NONE	NONE	0	0.0	
2				36412281	Integr Cancer Ther	10.1177/15347354221138534	PMC9706055	10.1177	pmc_oa	NONE	False	NONE	NONE	0	0.0	
2				29438479	J Antimicrob Chemother	10.1093/jac/dky016		10.1093	unpaywall	NONE	False	NONE	NONE	0	0.0	
2				37325051	J Cancer	10.7150/jca.83395	PMC10266249	10.7150	pmc_oa,unpaywall	NONE	False	NONE	NONE	0	0.0	
2				33660622	J Chin Med Assoc	10.1097/JCMA.0000000000000510	PMC12966043	10.1097	pmc_oa	NONE	False	NONE	NONE	0	0.0	
2				33879965	J Clin Biochem Nutr	10.3164/jcbn.20-121	PMC8045997	10.3164	unpaywall	NONE	False	NONE	NONE	0	0.0	
2				30942618	J Comput Biol	10.1089/cmb.2018.0224	PMC6748403	10.1089	pmc_oa,unpaywall	NONE	False	NONE	NONE	0	0.0	
2				36717332	J Cyst Fibros	10.1016/j.jcf.2023.01.013		10.1016	unpaywall	NONE	False	NONE	NONE	0	0.0	
2				34907602	J Gastroenterol Hepatol	10.1111/jgh.15760		10.1111	local_rescue	NONE	False	NONE	NONE	0	0.0	
2				33492618	J Gastrointest Cancer	10.1007/s12029-021-00588-z		10.1007	springer	NONE	False	NONE	NONE	0	0.0	
2				37310549	J Gastrointest Cancer	10.1007/s12029-023-00925-4		10.1007	springer	NONE	False	NONE	NONE	0	0.0	
2				30710467	J Genet Couns	10.1002/jgc4.1048		10.1002	local_rescue	NONE	False	NONE	NONE	0	0.0	
2				37597851	J Immunother Cancer	10.1136/jitc-2023-007420	PMC10441105	10.1136	bmj,pmc_oa,unpaywall	NONE	False	NONE	NONE	0	0.0	
2				38035726	J Immunother Cancer	10.1136/jitc-2023-007840	PMC10689421	10.1136	bmj,pmc_oa,unpaywall	NONE	False	NONE	NONE	0	0.0	
2				28940471	J Mass Spectrom	10.1002/jms.4032		10.1002	local_rescue	NONE	False	NONE	NONE	0	0.0	
2				31051496	J Nutr	10.1093/jn/nxy255	PMC6602899	10.1093	unpaywall	NONE	False	NONE	NONE	0	0.0	
2				37792663	J Pathol	10.1002/path.6196		10.1002	unpaywall	NONE	False	NONE	NONE	0	0.0	
2				38111159	J Sci Food Agric	10.1002/jsfa.13227		10.1002	local_rescue	NONE	False	NONE	NONE	0	0.0	
2				30622786	J Thorac Dis	10.21037/jtd.2018.10.72	PMC6297399	10.21037	unpaywall	NONE	False	NONE	NONE	0	0.0	
2				29327043	JAMA Oncol	10.1001/jamaoncol.2017.4777	PMC5885828	10.1001	unpaywall	NONE	False	NONE	NONE	0	0.0	
2				32863352	Jpn J Infect Dis	10.7883/yoken.JJID.2020.382		10.7883	unpaywall	NONE	False	NONE	NONE	0	0.0	
2				33167104	Korean J Intern Med	10.3904/kjim.2019.373	PMC8137414	10.3904	pmc_oa,unpaywall	NONE	False	NONE	NONE	0	0.0	
2				29704665	Methods	10.1016/j.ymeth.2018.04.024	PMC6191348	10.1016	NONE	NONE	False	PRJNA445346,PRJNA397219	europepmc	1508	1648.01	
2				30725462	Methods Mol Biol	10.1007/978-1-4939-9027-6_16		10.1007	springer	NONE	False	NONE	NONE	0	0.0	
2				36786568	Microbiol Spectr	10.1128/spectrum.05038-22	PMC10100960	10.1128	pmc_oa,unpaywall	NONE	False	NONE	NONE	0	0.0	
2				34065545	Microorganisms	10.3390/microorganisms9051108	PMC8160982	10.3390	pmc_oa,unpaywall	NONE	False	NONE	NONE	0	0.0	
2				35056490	Microorganisms	10.3390/microorganisms10010041	PMC8779772	10.3390	pmc_oa,unpaywall	NONE	False	NONE	NONE	0	0.0	
2				35056510	Microorganisms	10.3390/microorganisms10010062	PMC8779253	10.3390	pmc_oa,unpaywall	NONE	False	NONE	NONE	0	0.0	
2				34199466	Molecules	10.3390/molecules26113351	PMC8199624	10.3390	pmc_oa,unpaywall	NONE	False	NONE	NONE	0	0.0	
2				31098399	mSystems	10.1128/mSystems.00332-18	PMC6517693	10.1128	pmc_oa,unpaywall	NONE	False	NONE	NONE	0	0.0	
2				37004750	Mucosal Immunol	10.1016/j.mucimm.2023.03.006		10.1016	unpaywall	NONE	False	NONE	NONE	0	0.0	
2				28951355	Nan Fang Yi Ke Da Xue Xue Bao	10.3969/j.issn.1673-4254.2017.09.03	PMC6765500	10.3969	NONE	NONE	False	SRP064975	europepmc	98	0.42	
2				34881628	Neoplasma	10.4149/neo_2021_210907N1276		10.4149	unpaywall	NONE	False	NONE	NONE	0	0.0	
2				34844511	Nucleosides Nucleotides Nucleic Acids	10.1080/15257770.2021.2008432		10.1080	paywalled_local_attempted	NONE	False	NONE	NONE	0	0.0	
2				30843732	Nutr Cancer	10.1080/01635581.2019.1578394		10.1080	paywalled_local_attempted	NONE	False	NONE	NONE	0	0.0	
2				34192986	Nutr Cancer	10.1080/01635581.2021.1944649		10.1080	paywalled_local_attempted	NONE	False	NONE	NONE	0	0.0	
2				34444865	Nutrients	10.3390/nu13082705	PMC8399700	10.3390	pmc_oa,unpaywall	NONE	False	NONE	NONE	0	0.0	
2				30854059	Oncol Lett	10.3892/ol.2019.9906	PMC6365978	10.3892	pmc_oa	NONE	False	NONE	NONE	0	0.0	
2				30112118	Oncotarget	10.18632/oncotarget.25778	PMC6089397	10.18632	pmc_oa,unpaywall	NONE	False	NONE	NONE	0	0.0	
2				31289620	Oncotarget	10.18632/oncotarget.6463	PMC6609240	10.18632	pmc_oa,unpaywall	NONE	False	NONE	NONE	0	0.0	
2				37887704	Pathogens	10.3390/pathogens12101188	PMC10610258	10.3390	pmc_oa,unpaywall	NONE	False	NONE	NONE	0	0.0	
2				37513865	Pharmaceuticals (Basel)	10.3390/ph16070953	PMC10384734	10.3390	pmc_oa,unpaywall	NONE	False	NONE	NONE	0	0.0	
2				37586618	Pharmacol Res	10.1016/j.phrs.2023.106891		10.1016	unpaywall	NONE	False	NONE	NONE	0	0.0	
2				34516694	Prostate	10.1002/pros.24223		10.1002	local_rescue	NONE	False	NONE	NONE	0	0.0	
2				37533658	Saudi J Med Med Sci	10.4103/sjmms.sjmms_3_23	PMC10393088	10.4103	pmc_oa,unpaywall	NONE	False	NONE	NONE	0	0.0	
2				37801516	Sci Immunol	10.1126/sciimmunol.adf2163		10.1126	NONE	NONE	False	PRJNA836954,PRJNA836956,PRJNA836955,PRJNA836957	europepmc	32	158.57	
2				29170280	Science	10.1126/science.aal5240	PMC5823247	10.1126	NONE	NONE	False	PRJNA362951	europepmc	134	58.07	
2				33495850	Support Care Cancer	10.1007/s00520-021-06013-2		10.1007	springer	NONE	False	NONE	NONE	0	0.0	
2				37819383	Support Care Cancer	10.1007/s00520-023-08058-x		10.1007	springer	NONE	False	NONE	NONE	0	0.0	
2				30115102	Syst Rev	10.1186/s13643-018-0792-8	PMC6097297	10.1186	pmc_oa,unpaywall	NONE	False	NONE	NONE	0	0.0	
2				36286892	Ter Arkh	10.26442/00403660.2021.08.200983		10.26442	unpaywall	NONE	False	NONE	NONE	0	0.0	
2				37158530	Turk J Gastroenterol	10.5152/tjg.2023.22515	PMC10334590	10.5152	pmc_oa,unpaywall	NONE	False	NONE	NONE	0	0.0	
2				29435321	United European Gastroenterol J	10.1177/2050640617708953	PMC5802676	10.1177	unpaywall	NONE	False	NONE	NONE	0	0.0	
2				37663945	World J Gastrointest Oncol	10.4251/wjgo.v15.i8.1424	PMC10473925	10.4251	pmc_oa,unpaywall	NONE	False	NONE	NONE	0	0.0	
2				30283710	World J Gastrointest Pathophysiol	10.4291/wjgp.v9.i2.47	PMC6163128	10.4291	pmc_oa,unpaywall	NONE	False	NONE	NONE	0	0.0	
1				35212644	Aging (Albany NY)	10.18632/aging.203914	PMC8908934	10.18632	pmc_oa,unpaywall	NONE	False	PRJNA676655	europepmc	10	0.16	
1				34341706	Aging Dis	10.14336/AD.2020.1202	PMC8279523	10.14336	pmc_oa,unpaywall	pmc_oa	True	NONE	NONE	0	0.0	
1				30506375	Apoptosis	10.1007/s10495-018-1500-9		10.1007	springer	publisher:springer	True	NONE	NONE	0	0.0	
1				34439954	Biology (Basel)	10.3390/biology10080722	PMC8389216	10.3390	pmc_oa,unpaywall	pmc_oa	True	NONE	NONE	0	0.0	
1				34944631	Biomedicines	10.3390/biomedicines9121815	PMC8698601	10.3390	pmc_oa,unpaywall	pmc_oa	True	NONE	NONE	0	0.0	
1				38006331	BJS Open	10.1093/bjsopen/zrad105	PMC10675991	10.1093	pmc_oa,unpaywall	pmc_oa	True	NONE	NONE	0	0.0	
1				29297304	BMC Bioinformatics	10.1186/s12859-017-1968-2	PMC5751545	10.1186	pmc_oa,unpaywall	pmc_oa	True	NONE	NONE	0	0.0	
1				30832616	BMC Cancer	10.1186/s12885-019-5409-7	PMC6399854	10.1186	pmc_oa,unpaywall	pmc_oa	True	NONE	NONE	0	0.0	
1				31035942	BMC Cancer	10.1186/s12885-019-5571-y	PMC6489238	10.1186	pmc_oa,unpaywall	pmc_oa	True	NONE	NONE	0	0.0	
1				34407780	BMC Cancer	10.1186/s12885-021-08640-8	PMC8371800	10.1186	pmc_oa,unpaywall	pmc_oa	True	NONE	NONE	0	0.0	
1				37170273	BMC Med	10.1186/s12916-023-02751-8	PMC10173591	10.1186	pmc_oa,unpaywall	pmc_oa	True	NONE	NONE	0	0.0	
1				29458332	BMC Med Genet	10.1186/s12881-018-0533-9	PMC5819082	10.1186	pmc_oa,unpaywall	pmc_oa	True	NONE	NONE	0	0.0	
1				30157754	BMC Microbiol	10.1186/s12866-018-1232-6	PMC6114884	10.1186	pmc_oa,unpaywall	pmc_oa	True	NONE	NONE	0	0.0	
1				31096909	BMC Microbiol	10.1186/s12866-019-1483-x	PMC6524314	10.1186	pmc_oa,unpaywall	pmc_oa	True	NONE	NONE	0	0.0	
1				34044781	BMC Microbiol	10.1186/s12866-021-02182-6	PMC8157663	10.1186	pmc_oa,unpaywall	pmc_oa	True	NONE	NONE	0	0.0	
1				34182940	BMC Microbiol	10.1186/s12866-021-02255-6	PMC8240356	10.1186	pmc_oa,unpaywall	pmc_oa	True	NONE	NONE	0	0.0	
1				30987986	BMJ Open	10.1136/bmjopen-2018-024872	PMC6500366	10.1136	bmj,pmc_oa,unpaywall	pmc_oa	True	NONE	NONE	0	0.0	
1				30899534	BMJ Open Gastroenterol	10.1136/bmjgast-2018-000247	PMC6398873	10.1136	bmj,pmc_oa,unpaywall	pmc_oa	True	NONE	NONE	0	0.0	
1				31275588	BMJ Open Gastroenterol	10.1136/bmjgast-2019-000297	PMC6577315	10.1136	bmj,pmc_oa,unpaywall	NONE	False	PRJNA534511	data_avail_section	552	2.84	
1				30208917	Breast Cancer Res	10.1186/s13058-018-1036-5	PMC6134631	10.1186	pmc_oa,unpaywall	pmc_oa	True	NONE	NONE	0	0.0	
1				29580161	Cancer Biol Ther	10.1080/15384047.2018.1456605	PMC6300344	10.1080	unpaywall	NONE	False	SRP106932	europepmc	48	9.67	
1				36862804	Cancer Discov	10.1158/2159-8290.CD-22-0966	PMC10157368	10.1158	pmc_oa,unpaywall	pmc_oa	True	NONE	NONE	0	0.0	
1				36525653	Cancer Epidemiol Biomarkers Prev	10.1158/1055-9965.EPI-22-0608	PMC9992132	10.1158	unpaywall	NONE	False	PRJNA810087	europepmc	1030	18.18	
1				30575318	Cancer Med	10.1002/cam4.1913	PMC6346227	10.1002	pmc_oa	pmc_oa	True	NONE	NONE	0	0.0	
1				37260140	Cancer Med	10.1002/cam4.6194	PMC10417192	10.1002	pmc_oa,unpaywall	pmc_oa	True	NONE	NONE	0	0.0	
1				37387515	Cancer Med	10.1002/cam4.6281	PMC10469650	10.1002	pmc_oa,unpaywall	pmc_oa	True	NONE	NONE	0	0.0	
1				37548332	Cancer Med	10.1002/cam4.6414	PMC10524056	10.1002	pmc_oa,unpaywall	pmc_oa	True	NONE	NONE	0	0.0	
1				29288512	Cancer Sci	10.1111/cas.13497	PMC5834773	10.1111	pmc_oa,unpaywall	pmc_oa	True	NONE	NONE	0	0.0	
1				34449929	Cancer Sci	10.1111/cas.15119	PMC8586671	10.1111	pmc_oa	pmc_oa	True	NONE	NONE	0	0.0	
1				34283063	Cancers (Basel)	10.3390/cancers13133332	PMC8268706	10.3390	pmc_oa,unpaywall	NONE	False	DRA012322	html_text_mine	206	1.42	
1				34298766	Cancers (Basel)	10.3390/cancers13143552	PMC8305584	10.3390	pmc_oa,unpaywall	pmc_oa	True	NONE	NONE	0	0.0	
1				34830904	Cancers (Basel)	10.3390/cancers13225750	PMC8616114	10.3390	pmc_oa,unpaywall	pmc_oa	True	NONE	NONE	0	0.0	
1				37509218	Cancers (Basel)	10.3390/cancers15143555	PMC10376985	10.3390	pmc_oa,unpaywall	pmc_oa	True	NONE	NONE	0	0.0	
1				37894386	Cancers (Basel)	10.3390/cancers15205019	PMC10605194	10.3390	pmc_oa,unpaywall	pmc_oa	True	NONE	NONE	0	0.0	
1				37894412	Cancers (Basel)	10.3390/cancers15205045	PMC10605900	10.3390	pmc_oa,unpaywall	NONE	False	PRJNA1013750	europepmc_section	108	2.34	
1				38067377	Cancers (Basel)	10.3390/cancers15235674	PMC10705788	10.3390	pmc_oa,unpaywall	pmc_oa	True	NONE	NONE	0	0.0	
1				37130517	Cell Host Microbe	10.1016/j.chom.2023.04.007	PMC10477964	10.1016	unpaywall	NONE	False	PRJNA784939	europepmc	971	1315.13	
1				34418587	Cell Mol Gastroenterol Hepatol	10.1016/j.jcmgh.2021.08.007	PMC8600093	10.1016	pmc_oa	NONE	False	PRJNA699006,PRJNA699003,PRJNA699013	europepmc	86	3.69	
1				34706245	Cell Rep	10.1016/j.celrep.2021.109886		10.1016	unpaywall	NONE	False	PRJEB38064	html_text_mine	188	2.4	
1				33731196	Chin Med	10.1186/s13020-021-00436-z	PMC7968294	10.1186	pmc_oa,unpaywall	pmc_oa	True	NONE	NONE	0	0.0	
1				30666146	Clin Exp Gastroenterol	10.2147/CEG.S186097	PMC6330977	10.2147	pmc_oa,unpaywall	NONE	False	SRP071855	europepmc	306	23.47	
1				34408121	Clin Transl Gastroenterol	10.14309/ctg.0000000000000389	PMC8373536	10.14309	pmc_oa	pmc_oa	True	NONE	NONE	0	0.0	
1				36633831	Clin Transl Oncol	10.1007/s12094-022-03061-w		10.1007	springer	publisher:springer	True	NONE	NONE	0	0.0	
1				35251295	Comput Math Methods Med	10.1155/2022/1940846	PMC8896156	10.1155	pmc_oa,unpaywall	pmc_oa	True	NONE	NONE	0	0.0	
1				34188781	Comput Struct Biotechnol J	10.1016/j.csbj.2021.05.049	PMC8202188	10.1016	pmc_oa	pmc_oa	True	NONE	NONE	0	0.0	
1				37504267	Curr Issues Mol Biol	10.3390/cimb45070351	PMC10378474	10.3390	pmc_oa,unpaywall	pmc_oa	True	NONE	NONE	0	0.0	
1				29995183	Dig Dis Sci	10.1007/s10620-018-5190-5	PMC6182444	10.1007	pmc_oa,springer,unpaywall	pmc_oa+publisher:springer	True	NONE	NONE	0	0.0	
1				32974807	Dig Dis Sci	10.1007/s10620-020-06612-9	PMC7987909	10.1007	springer	publisher:springer	True	NONE	NONE	0	0.0	
1				37343363	EBioMedicine	10.1016/j.ebiom.2023.104670	PMC10314234	10.1016	pmc_oa,unpaywall	pmc_oa	True	NONE	NONE	0	0.0	
1				37951129	ESMO Open	10.1016/j.esmoop.2023.102051	PMC10774972	10.1016	pmc_oa,unpaywall	pmc_oa	True	NONE	NONE	0	0.0	
1				28600626	Eur J Clin Microbiol Infect Dis	10.1007/s10096-017-3026-4		10.1007	springer	NONE	False	SRP104334	html_text_mine	130	0.89	
1				33128571	Eur J Nucl Med Mol Imaging	10.1007/s00259-020-05081-6		10.1007	springer	publisher:springer	True	NONE	NONE	0	0.0	
1				34604238	Front Cell Dev Biol	10.3389/fcell.2021.736994	PMC8484797	10.3389	pmc_oa,unpaywall	NONE	False	PRJNA754518	europepmc	40	90.19	
1				30245977	Front Cell Infect Microbiol	10.3389/fcimb.2018.00281	PMC6137959	10.3389	pmc_oa,unpaywall	pmc_oa	True	NONE	NONE	0	0.0	
1				34604105	Front Cell Infect Microbiol	10.3389/fcimb.2021.701109	PMC8481893	10.3389	pmc_oa,unpaywall	NONE	False	SRP316524	europepmc	90	0.79	
1				34804993	Front Cell Infect Microbiol	10.3389/fcimb.2021.749750	PMC8600479	10.3389	pmc_oa	pmc_oa	True	NONE	NONE	0	0.0	
1				35281451	Front Cell Infect Microbiol	10.3389/fcimb.2022.839435	PMC8908310	10.3389	pmc_oa,unpaywall	NONE	False	PRJNA706060,PRJNA514108	europepmc	1017	1110.08	
1				36960042	Front Cell Infect Microbiol	10.3389/fcimb.2023.1101291	PMC10028079	10.3389	pmc_oa,unpaywall	pmc_oa	True	NONE	NONE	0	0.0	
1				37249979	Front Cell Infect Microbiol	10.3389/fcimb.2023.1098310	PMC10215531	10.3389	pmc_oa,unpaywall	pmc_oa	True	NONE	NONE	0	0.0	
1				37593761	Front Cell Infect Microbiol	10.3389/fcimb.2023.1216024	PMC10432157	10.3389	pmc_oa,unpaywall	pmc_oa	True	NONE	NONE	0	0.0	
1				31191599	Front Genet	10.3389/fgene.2019.00447	PMC6547015	10.3389	pmc_oa	pmc_oa	True	NONE	NONE	0	0.0	
1				31354787	Front Genet	10.3389/fgene.2019.00631	PMC6629961	10.3389	pmc_oa,unpaywall	NONE	False	PRJNA551701,PRJEB12449	europepmc	915	462.22	
1				31250341	Front Med	10.1007/s11684-019-0695-7		10.1007	springer	publisher:springer	True	NONE	NONE	0	0.0	
1				29988362	Front Microbiol	10.3389/fmicb.2018.01336	PMC6023991	10.3389	pmc_oa,unpaywall	NONE	False	SRP099828	europepmc	6	0.66	
1				30072967	Front Microbiol	10.3389/fmicb.2018.01587	PMC6058180	10.3389	pmc_oa	pmc_oa	True	NONE	NONE	0	0.0	
1				30972034	Front Microbiol	10.3389/fmicb.2019.00474	PMC6443721	10.3389	pmc_oa	pmc_oa	True	NONE	NONE	0	0.0	
1				31244818	Front Microbiol	10.3389/fmicb.2019.01317	PMC6581718	10.3389	pmc_oa,unpaywall	pmc_oa	True	NONE	NONE	0	0.0	
1				34650531	Front Microbiol	10.3389/fmicb.2021.727937	PMC8506159	10.3389	pmc_oa,unpaywall	pmc_oa	True	NONE	NONE	0	0.0	
1				34795654	Front Microbiol	10.3389/fmicb.2021.761113	PMC8593188	10.3389	pmc_oa	pmc_oa	True	NONE	NONE	0	0.0	
1				34867852	Front Microbiol	10.3389/fmicb.2021.736343	PMC8638082	10.3389	pmc_oa,unpaywall	pmc_oa	True	NONE	NONE	0	0.0	
1				34956106	Front Microbiol	10.3389/fmicb.2021.653448	PMC8702856	10.3389	pmc_oa	pmc_oa	True	NONE	NONE	0	0.0	
1				37614602	Front Microbiol	10.3389/fmicb.2023.1236583	PMC10443710	10.3389	pmc_oa,unpaywall	pmc_oa	True	NONE	NONE	0	0.0	
1				38075864	Front Microbiol	10.3389/fmicb.2023.1302719	PMC10701916	10.3389	pmc_oa,unpaywall	pmc_oa	True	NONE	NONE	0	0.0	
1				38111646	Front Microbiol	10.3389/fmicb.2023.1288487	PMC10725979	10.3389	pmc_oa,unpaywall	pmc_oa	True	NONE	NONE	0	0.0	
1				38074097	Front Mol Biosci	10.3389/fmolb.2023.1327893	PMC10702768	10.3389	pmc_oa,unpaywall	pmc_oa	True	NONE	NONE	0	0.0	
1				38455360	Front Mol Biosci	10.3389/fmolb.2023.1298679	PMC10919151	10.3389	pmc_oa,unpaywall	pmc_oa	True	NONE	NONE	0	0.0	
1				34422640	Front Oncol	10.3389/fonc.2021.685641	PMC8375155	10.3389	pmc_oa,unpaywall	pmc_oa	True	NONE	NONE	0	0.0	
1				34595105	Front Oncol	10.3389/fonc.2021.650026	PMC8477046	10.3389	pmc_oa	pmc_oa	True	NONE	NONE	0	0.0	
1				34956908	Front Oncol	10.3389/fonc.2021.796774	PMC8695896	10.3389	pmc_oa,unpaywall	pmc_oa	True	NONE	NONE	0	0.0	
1				35004303	Front Oncol	10.3389/fonc.2021.781697	PMC8733568	10.3389	pmc_oa	pmc_oa	True	NONE	NONE	0	0.0	
1				37182146	Front Oncol	10.3389/fonc.2023.1183039	PMC10172651	10.3389	pmc_oa,unpaywall	pmc_oa	True	NONE	NONE	0	0.0	
1				37965445	Front Oncol	10.3389/fonc.2023.1212812	PMC10641399	10.3389	pmc_oa,unpaywall	pmc_oa	True	NONE	NONE	0	0.0	
1				38357363	Front Pharmacol	10.3389/fphar.2023.1320028	PMC10864621	10.3389	pmc_oa,unpaywall	pmc_oa	True	NONE	NONE	0	0.0	
1				37113593	Front Plant Sci	10.3389/fpls.2023.1166075	PMC10126332	10.3389	pmc_oa,unpaywall	pmc_oa	True	NONE	NONE	0	0.0	
1				34126062	Gastroenterology	10.1053/j.gastro.2021.06.009		10.1053	unpaywall	NONE	False	PRJEB44737	europepmc	156	579.53	
1				29120399	Genes (Basel)	10.3390/genes8110314	PMC5704227	10.3390	pmc_oa,unpaywall	pmc_oa	True	NONE	NONE	0	0.0	
1				30717284	Genes (Basel)	10.3390/genes10020112	PMC6410271	10.3390	pmc_oa,unpaywall	NONE	False	ERP008729,ERP005534	europepmc	1827	1523.65	
1				34573430	Genes (Basel)	10.3390/genes12091448	PMC8471947	10.3390	pmc_oa,unpaywall	pmc_oa	True	NONE	NONE	0	0.0	
1				36512197	Genes Genomics	10.1007/s13258-022-01340-y		10.1007	springer	publisher:springer	True	NONE	NONE	0	0.0	
1				37131219	Genome Med	10.1186/s13073-023-01180-9	PMC10155404	10.1186	pmc_oa,unpaywall	pmc_oa	True	NONE	NONE	0	0.0	
1				33607296	Genomics Proteomics Bioinformatics	10.1016/j.gpb.2020.06.015	PMC9170748	10.1016	pmc_oa	pmc_oa	True	NONE	NONE	0	0.0	
1				27742762	Gut	10.1136/gutjnl-2016-312580	PMC5607064	10.1136	bmj,unpaywall	publisher:bmj	True	NONE	NONE	0	0.0	
1				28988196	Gut	10.1136/gutjnl-2017-314814	PMC6204958	10.1136	bmj,pmc_oa,unpaywall	pmc_oa+publisher:bmj	True	NONE	NONE	0	0.0	
1				30377189	Gut	10.1136/gutjnl-2018-317200	PMC6352414	10.1136	bmj,pmc_oa,unpaywall	pmc_oa+publisher:bmj	True	NONE	NONE	0	0.0	
1				30472682	Gut	10.1136/gutjnl-2018-317178	PMC6580778	10.1136	bmj,pmc_oa,unpaywall	pmc_oa+publisher:bmj	True	NONE	NONE	0	0.0	
1				34937766	Gut	10.1136/gutjnl-2020-323951	PMC9484392	10.1136	bmj,pmc_oa,unpaywall	publisher:bmj	True	NONE	NONE	0	0.0	
1				28914591	Gut Microbes	10.1080/19490976.2017.1379637	PMC5989788	10.1080	unpaywall	NONE	False	PRJEB20354	europepmc	289	2.44	
1				35188868	Gut Microbes	10.1080/19490976.2022.2038863	PMC8865277	10.1080	pmc_oa,unpaywall	pmc_oa	True	NONE	NONE	0	0.0	
1				35259052	Gut Microbes	10.1080/19490976.2022.2046246	PMC8920197	10.1080	pmc_oa	pmc_oa	True	NONE	NONE	0	0.0	
1				35877697	Gut Microbes	10.1080/19490976.2022.2100203	PMC9318236	10.1080	pmc_oa,unpaywall	pmc_oa	True	NONE	NONE	0	0.0	
1				36050867	Gut Microbes	10.1080/19490976.2022.2107387	PMC9450905	10.1080	pmc_oa	pmc_oa	True	NONE	NONE	0	0.0	
1				36343662	Gut Microbes	10.1080/19490976.2022.2132903	PMC9645264	10.1080	pmc_oa	pmc_oa	True	NONE	NONE	0	0.0	
1				36369736	Gut Microbes	10.1080/19490976.2022.2139979	PMC9662191	10.1080	pmc_oa,unpaywall	pmc_oa	True	NONE	NONE	0	0.0	
1				37702461	Gut Microbes	10.1080/19490976.2023.2255345	PMC10501170	10.1080	pmc_oa,unpaywall	pmc_oa	True	NONE	NONE	0	0.0	
1				37795995	Gut Microbes	10.1080/19490976.2023.2263934	PMC10557533	10.1080	pmc_oa,unpaywall	pmc_oa	True	NONE	NONE	0	0.0	
1				37842920	Gut Microbes	10.1080/19490976.2023.2265138	PMC10580862	10.1080	pmc_oa,unpaywall	pmc_oa	True	NONE	NONE	0	0.0	
1				38038385	Gut Microbes	10.1080/19490976.2023.2288200	PMC10730231	10.1080	pmc_oa,unpaywall	pmc_oa	True	NONE	NONE	0	0.0	
1				31168325	Gut Pathog	10.1186/s13099-019-0299-4	PMC6489188	10.1186	pmc_oa,unpaywall	pmc_oa	True	NONE	NONE	0	0.0	
1				37928040	Heliyon	10.1016/j.heliyon.2023.e21057	PMC10623286	10.1016	pmc_oa,unpaywall	pmc_oa	True	NONE	NONE	0	0.0	
1				33827643	Hered Cancer Clin Pract	10.1186/s13053-021-00181-2	PMC8028209	10.1186	pmc_oa,unpaywall	pmc_oa	True	NONE	NONE	0	0.0	
1				34711244	Hered Cancer Clin Pract	10.1186/s13053-021-00203-z	PMC8555269	10.1186	pmc_oa,unpaywall	pmc_oa	True	NONE	NONE	0	0.0	
1				37555867	Int J Colorectal Dis	10.1007/s00384-023-04497-4	PMC10412473	10.1007	pmc_oa,springer,unpaywall	NONE	False	PRJNA991438	html_text_mine	49	4.22	
1				34502456	Int J Mol Sci	10.3390/ijms22179549	PMC8430739	10.3390	pmc_oa,unpaywall	pmc_oa	True	NONE	NONE	0	0.0	
1				28837129	ISME J	10.1038/ismej.2017.139	PMC5702742	10.1038	nature_legacy,pmc_oa,unpaywall	pmc_oa+publisher:nature_legacy	True	NONE	NONE	0	0.0	
1				37619934	J Adv Res	10.1016/j.jare.2023.08.014	PMC11258656	10.1016	pmc_oa,unpaywall	pmc_oa	True	NONE	NONE	0	0.0	
1				33842404	J Cancer Prev	10.15430/JCP.2021.26.1.32	PMC8020170	10.15430	pmc_oa,unpaywall	pmc_oa	True	NONE	NONE	0	0.0	
1				36583742	J Cancer Res Clin Oncol	10.1007/s00432-022-04544-7	PMC11798150	10.1007	springer	publisher:springer	True	NONE	NONE	0	0.0	
1				36656381	J Cancer Res Clin Oncol	10.1007/s00432-022-04553-6	PMC11797716	10.1007	springer,unpaywall	publisher:springer	True	NONE	NONE	0	0.0	
1				30855275	J Clin Invest	10.1172/JCI124196	PMC6436866	10.1172	unpaywall	NONE	False	PRJNA423288	europepmc	166	0.97	
1				38104000	J Cyst Fibros	10.1016/j.jcf.2023.12.004		10.1016	unpaywall	NONE	False	PRJEB53976	europepmc	137	1.55	
1				35183223	J Exp Clin Cancer Res	10.1186/s13046-021-02239-4	PMC8857837	10.1186	pmc_oa,unpaywall	pmc_oa	True	NONE	NONE	0	0.0	
1				31036005	J Transl Med	10.1186/s12967-019-1879-2	PMC6489172	10.1186	pmc_oa,unpaywall	pmc_oa	True	NONE	NONE	0	0.0	
1				36967379	J Transl Med	10.1186/s12967-023-04054-1	PMC10041716	10.1186	pmc_oa,unpaywall	pmc_oa	True	NONE	NONE	0	0.0	
1				37291572	J Transl Med	10.1186/s12967-023-04119-1	PMC10249256	10.1186	pmc_oa,unpaywall	pmc_oa	True	NONE	NONE	0	0.0	
1				37814323	J Transl Med	10.1186/s12967-023-04527-3	PMC10561506	10.1186	pmc_oa,unpaywall	pmc_oa	True	NONE	NONE	0	0.0	
1				34767023	JAMA Netw Open	10.1001/jamanetworkopen.2021.34308	PMC8590167	10.1001	pmc_oa,unpaywall	pmc_oa	True	NONE	NONE	0	0.0	
1				33571170	JCI Insight	10.1172/jci.insight.144561	PMC8119211	10.1172	pmc_oa,unpaywall	pmc_oa	True	NONE	NONE	0	0.0	
1				33860101	JGH Open	10.1002/jgh3.12529	PMC8035457	10.1002	pmc_oa	pmc_oa	True	NONE	NONE	0	0.0	
1				33809741	Life (Basel)	10.3390/life11030246	PMC8002283	10.3390	pmc_oa,unpaywall	pmc_oa	True	NONE	NONE	0	0.0	
1				31266879	mBio	10.1128/mBio.01454-19	PMC6606814	10.1128	pmc_oa	NONE	False	SRP062005,SRP096978,SRP108915	europepmc	803	89.32	
1				34225483	mBio	10.1128/mBio.01155-21	PMC8406289	10.1128	pmc_oa	NONE	False	PRJNA714835,PRJNA714695	europepmc	37	3.86	
1				29687353	Med Microbiol Immunol	10.1007/s00430-018-0542-5	PMC6096775	10.1007	pmc_oa,springer,unpaywall	pmc_oa+publisher:springer	True	NONE	NONE	0	0.0	
1				34357350	Metabolites	10.3390/metabo11070456	PMC8303431	10.3390	pmc_oa,unpaywall	pmc_oa	True	NONE	NONE	0	0.0	
1				37512526	Metabolites	10.3390/metabo13070819	PMC10383435	10.3390	pmc_oa,unpaywall	pmc_oa	True	NONE	NONE	0	0.0	
1				36719190	Microbiol Spectr	10.1128/spectrum.02819-22	PMC10101062	10.1128	pmc_oa,unpaywall	NONE	False	PRJNA905444	europepmc	324	262.38	
1				29642940	Microbiome	10.1186/s40168-018-0451-2	PMC5896039	10.1186	pmc_oa,unpaywall	pmc_oa	True	NONE	NONE	0	0.0	
1				31060614	Microbiome	10.1186/s40168-019-0685-7	PMC6503375	10.1186	pmc_oa,unpaywall	pmc_oa	True	NONE	NONE	0	0.0	
1				35189961	Microbiome	10.1186/s40168-021-01208-5	PMC8862353	10.1186	pmc_oa,unpaywall	pmc_oa	True	NONE	NONE	0	0.0	
1				37507809	Microbiome	10.1186/s40168-023-01610-1	PMC10386251	10.1186	pmc_oa,unpaywall	pmc_oa	True	NONE	NONE	0	0.0	
1				34442626	Microorganisms	10.3390/microorganisms9081548	PMC8401100	10.3390	pmc_oa,unpaywall	pmc_oa	True	NONE	NONE	0	0.0	
1				34946141	Microorganisms	10.3390/microorganisms9122540	PMC8709058	10.3390	pmc_oa,unpaywall	pmc_oa	True	NONE	NONE	0	0.0	
1				37317121	Microorganisms	10.3390/microorganisms11051147	PMC10222013	10.3390	pmc_oa,unpaywall	pmc_oa	True	NONE	NONE	0	0.0	
1				37317301	Microorganisms	10.3390/microorganisms11051327	PMC10223777	10.3390	pmc_oa,unpaywall	pmc_oa	True	NONE	NONE	0	0.0	
1				37894093	Microorganisms	10.3390/microorganisms11102437	PMC10608849	10.3390	pmc_oa,unpaywall	pmc_oa	True	NONE	NONE	0	0.0	
1				37789383	Mol Cancer	10.1186/s12943-023-01869-w	PMC10546694	10.1186	pmc_oa,unpaywall	pmc_oa	True	NONE	NONE	0	0.0	
1				29750437	Mol Nutr Food Res	10.1002/mnfr.201800178	PMC6033105	10.1002	pmc_oa,unpaywall	pmc_oa	True	NONE	NONE	0	0.0	
1				31254442	Mol Oncol	10.1002/1878-0261.12539	PMC6670011	10.1002	pmc_oa	pmc_oa	True	NONE	NONE	0	0.0	
1				34328665	Mol Oncol	10.1002/1878-0261.13070	PMC8637581	10.1002	pmc_oa	pmc_oa	True	NONE	NONE	0	0.0	
1				33575112	Mol Ther Nucleic Acids	10.1016/j.omtn.2020.12.017	PMC7851424	10.1016	pmc_oa,unpaywall	pmc_oa	True	NONE	NONE	0	0.0	
1				30205580	Molecules	10.3390/molecules23092298	PMC6225274	10.3390	pmc_oa,unpaywall	pmc_oa	True	NONE	NONE	0	0.0	
1				37241995	Molecules	10.3390/molecules28104255	PMC10222457	10.3390	pmc_oa,unpaywall	pmc_oa	True	NONE	NONE	0	0.0	
1				36847529	mSphere	10.1128/msphere.00626-22	PMC10117110	10.1128	pmc_oa,unpaywall	NONE	False	PRJEB53891	europepmc	60	129.19	
1				28951889	mSystems	10.1128/mSystems.00065-17	PMC5613170	10.1128	pmc_oa,unpaywall	NONE	False	PRJNA379709	europepmc	168	107.45	
1				29795787	mSystems	10.1128/mSystems.00205-17	PMC5954203	10.1128	pmc_oa,unpaywall	NONE	False	PRJNA284355	europepmc	176	36.02	
1				31320627	Nat Commun	10.1038/s41467-019-10987-3	PMC6639368	10.1038	nature,pmc_oa,unpaywall	pmc_oa+publisher:nature	True	NONE	NONE	0	0.0	
1				38030613	Nat Commun	10.1038/s41467-023-43329-5	PMC10687070	10.1038	nature,pmc_oa,unpaywall	pmc_oa+publisher:nature	True	NONE	NONE	0	0.0	
1				35115689	Nat Genet	10.1038/s41588-021-00991-z	PMC9883041	10.1038	nature,unpaywall	publisher:nature	True	NONE	NONE	0	0.0	
1				37813000	Neoplasia	10.1016/j.neo.2023.100939	PMC10568285	10.1016	pmc_oa,unpaywall	pmc_oa	True	NONE	NONE	0	0.0	
1				33809130	Nutrients	10.3390/nu13030919	PMC8001909	10.3390	pmc_oa,unpaywall	pmc_oa	True	NONE	NONE	0	0.0	
1				34200105	Nutrients	10.3390/nu13061937	PMC8227192	10.3390	pmc_oa,unpaywall	pmc_oa	True	NONE	NONE	0	0.0	
1				37686736	Nutrients	10.3390/nu15173705	PMC10490500	10.3390	pmc_oa,unpaywall	pmc_oa	True	NONE	NONE	0	0.0	
1				34595059	Oncoimmunology	10.1080/2162402X.2021.1976953	PMC8477924	10.1080	pmc_oa,unpaywall	pmc_oa	True	NONE	NONE	0	0.0	
1				37600329	Oncol Lett	10.3892/ol.2023.13977	PMC10433723	10.3892	pmc_oa,unpaywall	pmc_oa	True	NONE	NONE	0	0.0	
1				33895946	Oncol Ther	10.1007/s40487-021-00151-7	PMC8593092	10.1007	pmc_oa,springer,unpaywall	pmc_oa+publisher:springer	True	NONE	NONE	0	0.0	
1				29228570	Oncotarget	10.18632/oncotarget.18241	PMC5722522	10.18632	pmc_oa,unpaywall	pmc_oa	True	NONE	NONE	0	0.0	
1				29340028	Oncotarget	10.18632/oncotarget.20677	PMC5762296	10.18632	pmc_oa,unpaywall	pmc_oa	True	NONE	NONE	0	0.0	
1				29755661	Oncotarget	10.18632/oncotarget.24912	PMC5945505	10.18632	pmc_oa,unpaywall	pmc_oa	True	NONE	NONE	0	0.0	
1				29755677	Oncotarget	10.18632/oncotarget.25042	PMC5945502	10.18632	pmc_oa,unpaywall	pmc_oa	True	NONE	NONE	0	0.0	
1				37162590	Parasitol Res	10.1007/s00436-023-07842-2		10.1007	springer	publisher:springer	True	NONE	NONE	0	0.0	
1				30412600	PLoS One	10.1371/journal.pone.0207002	PMC6226189	10.1371	pmc_oa,unpaywall	pmc_oa	True	NONE	NONE	0	0.0	
1				30794590	PLoS One	10.1371/journal.pone.0212406	PMC6386391	10.1371	pmc_oa,unpaywall	pmc_oa	True	NONE	NONE	0	0.0	
1				31211818	PLoS One	10.1371/journal.pone.0218274	PMC6581275	10.1371	pmc_oa,unpaywall	pmc_oa	True	NONE	NONE	0	0.0	
1				37603579	PLoS One	10.1371/journal.pone.0290307	PMC10441785	10.1371	pmc_oa,unpaywall	pmc_oa	True	NONE	NONE	0	0.0	
1				34256782	Radiat Oncol	10.1186/s13014-021-01853-y	PMC8278688	10.1186	pmc_oa,unpaywall	pmc_oa	True	NONE	NONE	0	0.0	
1				34458799	RSC Chem Biol	10.1039/d0cb00228c	PMC8341913	10.1039	pmc_oa,unpaywall	pmc_oa	True	NONE	NONE	0	0.0	
1				30796721	Sci China Life Sci	10.1007/s11427-018-9456-x		10.1007	springer	publisher:springer	True	NONE	NONE	0	0.0	
1				29985435	Sci Rep	10.1038/s41598-018-28671-9	PMC6037773	10.1038	nature,pmc_oa,unpaywall	pmc_oa+publisher:nature	True	NONE	NONE	0	0.0	
1				33758296	Sci Rep	10.1038/s41598-021-86247-6	PMC7988160	10.1038	nature,pmc_oa,unpaywall	pmc_oa+publisher:nature	True	NONE	NONE	0	0.0	
1				34599256	Sci Rep	10.1038/s41598-021-99046-w	PMC8486803	10.1038	nature,pmc_oa,unpaywall	pmc_oa+publisher:nature	True	NONE	NONE	0	0.0	
1				37315113	Sci Transl Med	10.1126/scitranslmed.abq4006	PMC10759507	10.1126	unpaywall	NONE	False	PRJNA803517	europepmc	72	22.28	
1				38099061	Synth Syst Biotechnol	10.1016/j.synbio.2023.11.004	PMC10720267	10.1016	pmc_oa,unpaywall	pmc_oa	True	NONE	NONE	0	0.0	
1				31281534	Theranostics	10.7150/thno.35186	PMC6592169	10.7150	pmc_oa	pmc_oa	True	NONE	NONE	0	0.0	
1				35265196	Theranostics	10.7150/thno.66464	PMC8899573	10.7150	pmc_oa,unpaywall	pmc_oa	True	NONE	NONE	0	0.0	
1				37529669	Tob Induc Dis	10.18332/tid/168515	PMC10377954	10.18332	pmc_oa,unpaywall	pmc_oa	True	NONE	NONE	0	0.0	
1				31349572	Toxins (Basel)	10.3390/toxins11080436	PMC6723990	10.3390	pmc_oa,unpaywall	pmc_oa	True	NONE	NONE	0	0.0	
1				29705968	Virchows Arch	10.1007/s00428-018-2359-4		10.1007	springer	publisher:springer	True	NONE	NONE	0	0.0	
1				33911468	World J Gastroenterol	10.3748/wjg.v27.i14.1465	PMC8047535	10.3748	pmc_oa,unpaywall	NONE	False	PRJNA693828	elink	172	133.35	
1				34876791	World J Gastroenterol	10.3748/wjg.v27.i42.7311	PMC8611209	10.3748	pmc_oa	NONE	False	PRJNA630089	europepmc	5	6.4	
1				33742231	World J Surg	10.1007/s00268-021-06062-y	PMC8516158	10.1007	springer	publisher:springer	True	NONE	NONE	0	0.0	
0				37474105	Am J Clin Nutr	10.1016/j.ajcnut.2023.07.011	PMC10550847	10.1016	pmc_oa,unpaywall	pmc_oa	True	PRJNA909793	europepmc	56	106.13	
0				33789570	BMC Microbiol	10.1186/s12866-021-02153-x	PMC8011136	10.1186	pmc_oa,unpaywall	pmc_oa	True	PRJDB4176	europepmc	645	2843.25	
0				34544375	BMC Microbiol	10.1186/s12866-021-02312-0	PMC8454007	10.1186	pmc_oa,unpaywall	pmc_oa	True	ERP115622,PRJNA672867,PRJNA678737	europepmc_section	382	425.4	
0				34715774	BMC Microbiol	10.1186/s12866-021-02359-z	PMC8555202	10.1186	pmc_oa,unpaywall	pmc_oa	True	PRJNA741803,PRJNA742764	html_text_mine	122	5.17	
0				36864380	BMC Microbiol	10.1186/s12866-023-02791-3	PMC9979425	10.1186	pmc_oa,unpaywall	pmc_oa	True	PRJNA836383	html_text_mine	15	0.24	
0				37644393	BMC Microbiol	10.1186/s12866-023-02991-x	PMC10464353	10.1186	pmc_oa,unpaywall	pmc_oa	True	PRJNA888226	html_text_mine	5	40.61	
0				37644400	BMC Microbiol	10.1186/s12866-023-02981-z	PMC10464184	10.1186	pmc_oa,unpaywall	pmc_oa	True	PRJEB51954,ERP136620	europepmc	4	0.36	
0				36999930	Cancer Med	10.1002/cam4.5868	PMC10242856	10.1002	pmc_oa,unpaywall	pmc_oa	True	SRP351186,SRP351836	data_avail_section	20	17.77	
0				37641475	Cancer Med	10.1002/cam4.6483	PMC10557870	10.1002	pmc_oa,unpaywall	pmc_oa	True	PRJNA943491	europepmc_section	40	76.73	
0				34638284	Cancers (Basel)	10.3390/cancers13194799	PMC8507728	10.3390	pmc_oa,unpaywall	pmc_oa	True	PRJEB35990	europepmc	508	7.36	
0				34771584	Cancers (Basel)	10.3390/cancers13215421	PMC8582506	10.3390	pmc_oa,unpaywall	pmc_oa	True	PRJEB46353	data_avail_section	21	0.3	
0				34944982	Cancers (Basel)	10.3390/cancers13246363	PMC8699505	10.3390	pmc_oa,unpaywall	pmc_oa	True	PRJEB46474	europepmc	306	5.13	
0				37190160	Cancers (Basel)	10.3390/cancers15082231	PMC10136752	10.3390	pmc_oa,unpaywall	pmc_oa	True	PRJNA516457	europepmc	273	0.94	
0				37370676	Cancers (Basel)	10.3390/cancers15123065	PMC10296265	10.3390	pmc_oa,unpaywall	pmc_oa	True	PRJNA783496,PRJNA783535	europepmc	264	3.56	
0				37760515	Cancers (Basel)	10.3390/cancers15184546	PMC10526839	10.3390	pmc_oa,unpaywall	pmc_oa	True	PRJNA918703	europepmc	18	0.17	
0				38201530	Cancers (Basel)	10.3390/cancers16010104	PMC10778549	10.3390	pmc_oa,unpaywall	pmc_oa	True	PRJNA994445	europepmc_section	77	0.48	
0				33262469	Cell Death Differ	10.1038/s41418-020-00684-w	PMC8167112	10.1038	nature,pmc_oa,unpaywall	pmc_oa+publisher:nature	True	PRJNA478491	europepmc	400	71.4	
0				36778661	Cell Genom	10.1016/j.xgen.2022.100096	PMC9903660	10.1016	pmc_oa	pmc_oa	True	PRJNA645018	europepmc	1068	1781.41	
0				35688320	Cell Mol Gastroenterol Hepatol	10.1016/j.jcmgh.2022.05.010	PMC9421583	10.1016	pmc_oa,unpaywall	pmc_oa	True	PRJNA759725,PRJNA760488	europepmc	103	70.49	
0				37027066	Clin Exp Med	10.1007/s10238-023-01048-7	PMC10618330	10.1007	pmc_oa,springer,unpaywall	pmc_oa+publisher:springer	True	ERP143365	data_avail_section	89	1.25	
0				37612430	Clin Exp Med	10.1007/s10238-023-01165-3	PMC10725376	10.1007	pmc_oa,springer,unpaywall	pmc_oa+publisher:springer	True	PRJNA894473	europepmc	22	0.22	
0				37754261	Curr Issues Mol Biol	10.3390/cimb45090477	PMC10527824	10.3390	pmc_oa,unpaywall	pmc_oa	True	PRJNA905672	html_text_mine	68	8.42	
0				30747106	Elife	10.7554/eLife.42693	PMC6424576	10.7554	pmc_oa	pmc_oa	True	PRJEB28422,PRJNA289586,PRJNA217052,PRJEB6997	europepmc	9878	5294.25	
0				31169073	Emerg Microbes Infect	10.1080/22221751.2019.1622455	PMC6567213	10.1080	pmc_oa,unpaywall	pmc_oa	True	PRJEB17707	data_avail_section	14	8.43	
0				30548192	Environ Microbiol	10.1111/1462-2920.14498	PMC7379540	10.1111	pmc_oa,unpaywall	pmc_oa	True	SRP144012	data_avail_section	116	1.05	
0				37344611	Folia Microbiol (Praha)	10.1007/s12223-023-01072-w		10.1007	springer	publisher:springer	True	PRJNA854282	html_text_mine	48	0.91	
0				34150751	Front Cell Dev Biol	10.3389/fcell.2021.642948	PMC8212064	10.3389	pmc_oa	pmc_oa	True	PRJNA700873,PRJNA700826	europepmc	14	5.79	
0				37325561	Front Cell Dev Biol	10.3389/fcell.2023.1168693	PMC10265687	10.3389	pmc_oa,unpaywall	pmc_oa	True	PRJNA858820,PRJNA939158,PRJNA864661	europepmc	26	47.36	
0				33996615	Front Cell Infect Microbiol	10.3389/fcimb.2021.606490	PMC8121496	10.3389	pmc_oa	pmc_oa	True	SRP271491	europepmc	86	1.11	
0				34307189	Front Cell Infect Microbiol	10.3389/fcimb.2021.657867	PMC8294192	10.3389	pmc_oa	pmc_oa	True	PRJNA706060,PRJNA514108	data_avail_section	1017	1110.08	
0				37051296	Front Cell Infect Microbiol	10.3389/fcimb.2023.1099063	PMC10084768	10.3389	pmc_oa,unpaywall	pmc_oa	True	PRJNA910239	europepmc	95	428.11	
0				37577378	Front Cell Infect Microbiol	10.3389/fcimb.2023.1190910	PMC10413277	10.3389	pmc_oa,unpaywall	pmc_oa	True	PRJNA943135	europepmc	244	379.76	
0				38179421	Front Cell Infect Microbiol	10.3389/fcimb.2023.1330900	PMC10765587	10.3389	pmc_oa,unpaywall	pmc_oa	True	PRJNA1034825	europepmc	96	0.15	
0				38027096	Front Endocrinol (Lausanne)	10.3389/fendo.2023.1152514	PMC10668118	10.3389	pmc_oa,unpaywall	pmc_oa	True	ERP143399,ERP143361,ERP125057,ERP108145,ERP015832,ERP120056	arrayexpress	171	573.82	
0				35003221	Front Genet	10.3389/fgene.2021.787176	PMC8729777	10.3389	pmc_oa,unpaywall	pmc_oa	True	PRJEB6070,PRJNA383606,PRJNA284355,PRJNA404030,PRJNA445346,SRP000383	europepmc	3501	961.01	
0				34539647	Front Immunol	10.3389/fimmu.2021.715559	PMC8442671	10.3389	pmc_oa	pmc_oa	True	PRJNA669258	europepmc_section	202	2.33	
0				37313408	Front Immunol	10.3389/fimmu.2023.1126217	PMC10258350	10.3389	pmc_oa,unpaywall	pmc_oa	True	PRJNA911939	europepmc	36	0.14	
0				38022530	Front Immunol	10.3389/fimmu.2023.1230306	PMC10667699	10.3389	pmc_oa,unpaywall	pmc_oa	True	PRJNA996050	europepmc	27	37.52	
0				35211486	Front Med (Lausanne)	10.3389/fmed.2021.800566	PMC8861504	10.3389	pmc_oa,unpaywall	pmc_oa	True	PRJEB15003,PRJEB22039	html_text_mine	90	2.38	
0				29250055	Front Microbiol	10.3389/fmicb.2017.02391	PMC5717034	10.3389	pmc_oa,unpaywall	pmc_oa	True	PRJNA394711	europepmc	103	7.78	
0				29375539	Front Microbiol	10.3389/fmicb.2017.02699	PMC5770402	10.3389	pmc_oa	pmc_oa	True	PRJNA356414	europepmc	50	4.31	
0				30065719	Front Microbiol	10.3389/fmicb.2018.01607	PMC6057110	10.3389	pmc_oa,unpaywall	pmc_oa	True	PRJNA464414	europepmc	69	0.78	
0				30233512	Front Microbiol	10.3389/fmicb.2018.02004	PMC6127505	10.3389	pmc_oa	pmc_oa	True	SRP155959	html_text_mine	19	0.47	
0				31068913	Front Microbiol	10.3389/fmicb.2019.00826	PMC6491826	10.3389	pmc_oa,unpaywall	pmc_oa	True	ERP008729,ERP005534	europepmc	1827	1523.65	
0				31214144	Front Microbiol	10.3389/fmicb.2019.01205	PMC6558107	10.3389	pmc_oa	pmc_oa	True	ERP005534,SRP002423	europepmc	1715	855.27	
0				31417532	Front Microbiol	10.3389/fmicb.2019.01746	PMC6682596	10.3389	pmc_oa	pmc_oa	True	PRJNA532948	europepmc	18	0.17	
0				31428073	Front Microbiol	10.3389/fmicb.2019.01780	PMC6688131	10.3389	pmc_oa,unpaywall	pmc_oa	True	DRA008522	data_avail_section	177	0.48	
0				34745023	Front Microbiol	10.3389/fmicb.2021.705583	PMC8564485	10.3389	pmc_oa,unpaywall	pmc_oa	True	PRJNA202303,PRJNA354235,PRJNA400072,SRP057027	europepmc	3246	4288.72	
0				34975790	Front Microbiol	10.3389/fmicb.2021.765291	PMC8715872	10.3389	pmc_oa	pmc_oa	True	PRJEB6070,PRJNA447983,PRJDB4176,PRJEB7774,PRJNA389927,PRJEB10878,PRJEB27928,PRJEB12449	europepmc	4063	6105.45	
0				35185821	Front Microbiol	10.3389/fmicb.2021.797062	PMC8847773	10.3389	pmc_oa	pmc_oa	True	PRJNA770450,PRJNA771633	europepmc	24	41.28	
0				37283932	Front Microbiol	10.3389/fmicb.2023.1130446	PMC10239823	10.3389	pmc_oa,unpaywall	pmc_oa	True	PRJEB6070,PRJDB4176,PRJEB7774,PRJNA763023,PRJNA731589,PRJEB12449,PRJNA514108	europepmc	5655	7206.52	
0				37362927	Front Microbiol	10.3389/fmicb.2023.1133607	PMC10289161	10.3389	pmc_oa,unpaywall	pmc_oa	True	PRJNA916596	europepmc	184	0.72	
0				37560524	Front Microbiol	10.3389/fmicb.2023.1178744	PMC10408458	10.3389	pmc_oa,unpaywall	pmc_oa	True	PRJNA763023	europepmc_section	1238	923.86	
0				37655344	Front Microbiol	10.3389/fmicb.2023.1182346	PMC10467446	10.3389	pmc_oa,unpaywall	pmc_oa	True	PRJNA957055	europepmc	109	0.81	
0				37675425	Front Microbiol	10.3389/fmicb.2023.1238199	PMC10477591	10.3389	pmc_oa,unpaywall	pmc_oa	True	PRJNA531761	europepmc	16	0.13	
0				37901832	Front Microbiol	10.3389/fmicb.2023.1229888	PMC10602640	10.3389	pmc_oa,unpaywall	pmc_oa	True	PRJNA788529	geo_to_sra	117	512.08	
0				38075911	Front Microbiol	10.3389/fmicb.2023.1264941	PMC10703168	10.3389	pmc_oa,unpaywall	pmc_oa	True	PRJNA398089	europepmc	2979	1926.13	
0				38293554	Front Microbiol	10.3389/fmicb.2023.1292490	PMC10827328	10.3389	pmc_oa,unpaywall	pmc_oa	True	PRJNA961076	europepmc	90	309.22	
0				34307461	Front Mol Biosci	10.3389/fmolb.2021.703638	PMC8299945	10.3389	pmc_oa,unpaywall	pmc_oa	True	PRJNA725613	europepmc	32	11.33	
0				31555583	Front Oncol	10.3389/fonc.2019.00813	PMC6727361	10.3389	pmc_oa	pmc_oa	True	PRJNA543496	europepmc	30	0.06	
0				34046355	Front Oncol	10.3389/fonc.2021.661048	PMC8144651	10.3389	pmc_oa	pmc_oa	True	SRP317984	europepmc	24	0.18	
0				34447694	Front Oncol	10.3389/fonc.2021.664321	PMC8383742	10.3389	pmc_oa,unpaywall	pmc_oa	True	PRJNA706061	europepmc	382	4.68	
0				34778085	Front Oncol	10.3389/fonc.2021.763468	PMC8578892	10.3389	pmc_oa	pmc_oa	True	DRA012351,DRA012819,DRA012820	data_avail_section	57	1.77	
0				36998438	Front Oncol	10.3389/fonc.2023.1001819	PMC10043175	10.3389	pmc_oa,unpaywall	pmc_oa	True	PRJNA941264	europepmc	36	0.05	
0				37601681	Front Oncol	10.3389/fonc.2023.1218056	PMC10436198	10.3389	pmc_oa,unpaywall	pmc_oa	True	PRJNA763023	europepmc	1238	923.86	
0				38304032	Front Oncol	10.3389/fonc.2023.1310054	PMC10833227	10.3389	pmc_oa,unpaywall	pmc_oa	True	PRJNA808420	europepmc_section	16	0.43	
0				38375206	Front Oncol	10.3389/fonc.2023.1313735	PMC10876293	10.3389	pmc_oa,unpaywall	pmc_oa	True	PRJEB70916,PRJEB70919	europepmc	183	53.18	
0				34603035	Front Pharmacol	10.3389/fphar.2021.725583	PMC8484791	10.3389	pmc_oa	pmc_oa	True	PRJNA706146	europepmc	81	0.69	
0				34867387	Front Pharmacol	10.3389/fphar.2021.762603	PMC8637769	10.3389	pmc_oa	pmc_oa	True	PRJNA757221	html_text_mine	18	0.12	
0				29361968	Genome Biol	10.1186/s13059-018-1389-1	PMC5782396	10.1186	pmc_oa,unpaywall	pmc_oa	True	PRJNA389277	elink	103	202.61	
0				31387630	Genome Biol	10.1186/s13059-019-1773-5	PMC6683435	10.1186	pmc_oa,unpaywall	pmc_oa	True	ERP005534,ERP002469,ERP005860	html_text_mine	1974	2297.93	
0				30376889	Genome Med	10.1186/s13073-018-0586-6	PMC6208080	10.1186	pmc_oa,unpaywall	pmc_oa	True	PRJNA284355,PRJNA445346	europepmc	1596	54.56	
0				35638103	Gut Microbes	10.1080/19490976.2022.2078620	PMC9176255	10.1080	pmc_oa,unpaywall	pmc_oa	True	PRJNA720094	europepmc	266	1.71	
0				37635357	Gut Microbes	10.1080/19490976.2023.2245562	PMC10464540	10.1080	pmc_oa,unpaywall	pmc_oa	True	SRP327788,ERP008729,SRP108915,SRP136711,ERP005534	europepmc	2608	2027.11	
0				34983654	Gut Pathog	10.1186/s13099-021-00477-7	PMC8729125	10.1186	pmc_oa,unpaywall	pmc_oa	True	PRJEB44214	europepmc	88	3.73	
0				37596621	Gut Pathog	10.1186/s13099-023-00566-9	PMC10439566	10.1186	pmc_oa,unpaywall	pmc_oa	True	PRJNA948146	html_text_mine	40	0.15	
0				37483698	Heliyon	10.1016/j.heliyon.2023.e18035	PMC10362239	10.1016	pmc_oa,unpaywall	pmc_oa	True	PRJNA986115,PRJNA986175	europepmc	144	4.39	
0				33505091	Indian J Microbiol	10.1007/s12088-020-00909-z	PMC7810810	10.1007	springer	publisher:springer	True	PRJNA622417	html_text_mine	4	0.67	
0				34639088	Int J Mol Sci	10.3390/ijms221910747	PMC8509685	10.3390	pmc_oa,unpaywall	pmc_oa	True	PRJNA736583	html_text_mine	72	0.55	
0				30944520	Int J Tryptophan Res	10.1177/1178646919834550	PMC6440052	10.1177	pmc_oa,unpaywall	pmc_oa	True	PRJNA290729	europepmc	92	149.45	
0				34585527	J Cachexia Sarcopenia Muscle	10.1002/jcsm.12798	PMC8718071	10.1002	pmc_oa	pmc_oa	True	SRP301551,SRP301790	europepmc	40	0.49	
0				34844611	J Transl Med	10.1186/s12967-021-03154-0	PMC8628381	10.1186	pmc_oa,unpaywall	pmc_oa	True	PRJNA743150	data_avail_section	202	465.66	
0				34440574	Life (Basel)	10.3390/life11080831	PMC8401903	10.3390	pmc_oa,unpaywall	pmc_oa	True	PRJNA606879	europepmc	251	5.79	
0				30459201	mBio	10.1128/mBio.02248-18	PMC6247079	10.1128	pmc_oa,unpaywall	pmc_oa	True	PRJNA389927	europepmc	181	80.22	
0				31311881	mBio	10.1128/mBio.01315-19	PMC6635529	10.1128	pmc_oa	pmc_oa	True	PRJNA507548	europepmc	269	8.84	
0				33824205	mBio	10.1128/mBio.00547-21	PMC8092249	10.1128	pmc_oa	pmc_oa	True	PRJNA701284	html_text_mine	8	9.0	
0				35012354	mBio	10.1128/mbio.03161-21	PMC8749421	10.1128	pmc_oa	pmc_oa	True	SRP062005	europepmc	544	7.94	
0				36984891	Metabolites	10.3390/metabo13030451	PMC10059959	10.3390	pmc_oa,unpaywall	pmc_oa	True	PRJNA422434,PRJNA268964,PRJEB7774,PRJEB6070,PRJEB12123,PRJNA398089,PRJEB13870,PRJEB1690,PRJNA177201,PRJEB2054,PRJNA275349,PRJNA48479,PRJEB27928,PRJEB21528,PRJEB1786,PRJEB6337,PRJEB10878,PRJDB3601,PRJNA389280,PRJEB12449,PRJNA278393	europepmc	20559	12519.96	
0				36877086	Microbiol Spectr	10.1128/spectrum.02065-22	PMC10100742	10.1128	pmc_oa,unpaywall	pmc_oa	True	PRJNA450340,SRP062005	europepmc	766	14.81	
0				37042765	Microbiol Spectr	10.1128/spectrum.05066-22	PMC10269740	10.1128	pmc_oa,unpaywall	pmc_oa	True	PRJEB47197,PRJEB57580	europepmc	655	4.81	
0				29041989	Microbiome	10.1186/s40168-017-0359-2	PMC5645934	10.1186	pmc_oa,unpaywall	pmc_oa	True	PRJEB18041	europepmc	99	0.0	
0				29145893	Microbiome	10.1186/s40168-017-0366-3	PMC5689185	10.1186	pmc_oa,unpaywall	pmc_oa	True	SRP062005,SRP096978	europepmc	622	9.11	
0				31370880	Microbiome	10.1186/s40168-019-0722-6	PMC6670193	10.1186	pmc_oa,unpaywall	pmc_oa	True	PRJNA389280,SRP057027,PRJNA385949,PRJEB6070,PRJEB7774,PRJEB10878,PRJEB12449	html_text_mine	3846	4481.53	
0				38004753	Microorganisms	10.3390/microorganisms11112742	PMC10673094	10.3390	pmc_oa,unpaywall	pmc_oa	True	PRJEB7774,PRJEB27928,PRJNA447983,PRJDB4176,PRJEB10878,PRJNA397112	data_avail_section	1704	4800.53	
0				38138101	Microorganisms	10.3390/microorganisms11122957	PMC10746018	10.3390	pmc_oa,unpaywall	pmc_oa	True	PRJDB16847	europepmc	443	0.92	
0				37558206	Mol Oncol	10.1002/1878-0261.13506	PMC11076991	10.1002	pmc_oa,unpaywall	pmc_oa	True	PRJNA911189,PRJNA893853	europepmc	576	39.2	
0				33727392	mSystems	10.1128/mSystems.00115-21	PMC8546969	10.1128	pmc_oa	pmc_oa	True	PRJNA647720	europepmc	193	11.97	
0				33947803	mSystems	10.1128/mSystems.00112-21	PMC8269207	10.1128	pmc_oa	pmc_oa	True	PRJEB6070,PRJNA447983,PRJEB1220,PRJDB4176,PRJEB7774,PRJEB10878,PRJEB27928,PRJNA389280,PRJEB12449,PRJNA400072,SRP057027	europepmc	6553	9274.82	
0				37404032	mSystems	10.1128/msystems.00531-23	PMC10469787	10.1128	pmc_oa,unpaywall	pmc_oa	True	PRJEB6070,PRJNA422434,PRJEB4336,PRJEB6337	europepmc	2794	4055.91	
0				37458451	mSystems	10.1128/msystems.00151-23	PMC10469915	10.1128	pmc_oa,unpaywall	pmc_oa	True	PRJNA495060	europepmc	16	41.85	
0				34988460	NAR Cancer	10.1093/narcan/zcab049	PMC8693571	10.1093	pmc_oa,unpaywall	pmc_oa	True	PRJNA420049,SRP125749,PRJNA612305,SRP252592,PRJNA218851,SRP029880,PRJNA376161,SRP100445,PRJNA413956,SRP119775,PRJNA565188,SRP221472	geo_to_sra	818	3167.45	
0				30604764	Nat Commun	10.1038/s41467-018-07841-3	PMC6318335	10.1038	nature,pmc_oa,unpaywall	pmc_oa+publisher:nature	True	PRJNA436359,PRJNA429769,PRJNA483949	europepmc	1869	1426.14	
0				34006865	Nat Commun	10.1038/s41467-021-23029-8	PMC8131609	10.1038	nature,pmc_oa,unpaywall	pmc_oa+publisher:nature	True	PRJEB27928	html_text_mine	260	208.37	
0				34103493	Nat Commun	10.1038/s41467-021-23717-5	PMC8187652	10.1038	nature,pmc_oa,unpaywall	pmc_oa+publisher:nature	True	PRJNA707542	europepmc	53	97.44	
0				34584098	Nat Commun	10.1038/s41467-021-25965-x	PMC8479117	10.1038	nature,pmc_oa,unpaywall	pmc_oa+publisher:nature	True	PRJDB11246,PRJDB11247	elink	1457	28.83	
0				34799562	Nat Commun	10.1038/s41467-021-27112-y	PMC8604900	10.1038	nature,pmc_oa,unpaywall	pmc_oa+publisher:nature	True	PRJNA763023	html_text_mine	1238	923.86	
0				30936548	Nat Med	10.1038/s41591-019-0405-7	PMC9533319	10.1038	nature,unpaywall	publisher:nature	True	PRJEB27928,SRP136711	europepmc	400	589.74	
0				31171880	Nat Med	10.1038/s41591-019-0458-7		10.1038	nature,unpaywall	publisher:nature	True	DRA006684,DRA008156	html_text_mine	645	2843.25	
0				37202560	Nat Med	10.1038/s41591-023-02324-5	PMC10202816	10.1038	nature,pmc_oa,unpaywall	pmc_oa+publisher:nature	True	PRJNA941834	europepmc_section	701	81.47	
0				35087227	Nat Microbiol	10.1038/s41564-021-01030-7	PMC8813618	10.1038	nature,pmc_oa,unpaywall	pmc_oa+publisher:nature	True	SRP136711	europepmc	140	381.37	
0				37058886	Neoplasia	10.1016/j.neo.2023.100901	PMC10130693	10.1016	pmc_oa,unpaywall	pmc_oa	True	PRJNA899104	europepmc	148	1.53	
0				29104759	NPJ Biofilms Microbiomes	10.1038/s41522-017-0034-1	PMC5665930	10.1038	nature,pmc_oa,unpaywall	pmc_oa+publisher:nature	True	PRJNA373879	europepmc_section	20	51.7	
0				29214046	NPJ Biofilms Microbiomes	10.1038/s41522-017-0040-3	PMC5707393	10.1038	nature,pmc_oa,unpaywall	pmc_oa+publisher:nature	True	PRJNA325650,PRJNA325649	europepmc	103	1.59	
0				37127667	NPJ Biofilms Microbiomes	10.1038/s41522-023-00391-7	PMC10151362	10.1038	nature,pmc_oa,unpaywall	pmc_oa+publisher:nature	True	PRJEB38175,PRJEB56605	europepmc_section	1823	30.39	
0				37892474	Nutrients	10.3390/nu15204399	PMC10609985	10.3390	pmc_oa,unpaywall	pmc_oa	True	PRJNA541484,SRP247004	europepmc	155	4.41	
0				28869607	Oncogene	10.1038/onc.2017.314		10.1038	nature_legacy	publisher:nature_legacy	True	PRJNA338737	europepmc	2	10.99	
0				31392094	PeerJ	10.7717/peerj.7315	PMC6673421	10.7717	pmc_oa	pmc_oa	True	PRJEB6070	html_text_mine	1515	854.53	
0				36989208	PLoS Negl Trop Dis	10.1371/journal.pntd.0011170	PMC10057785	10.1371	pmc_oa,unpaywall	pmc_oa	True	PRJNA881789	europepmc	50	0.14	
0				29852000	PLoS One	10.1371/journal.pone.0198342	PMC5979030	10.1371	pmc_oa,unpaywall	pmc_oa	True	PRJNA391562,SRP110343	europepmc	110	2.91	
0				30576312	PLoS One	10.1371/journal.pone.0208584	PMC6303059	10.1371	pmc_oa,unpaywall	pmc_oa	True	PRJNA325650	europepmc	50	1.52	
0				31199857	PLoS One	10.1371/journal.pone.0218436	PMC6570030	10.1371	pmc_oa,unpaywall	pmc_oa	True	PRJEB32249	data_avail_section	39	0.97	
0				33662003	PLoS One	10.1371/journal.pone.0247905	PMC7932122	10.1371	pmc_oa	pmc_oa	True	PRJNA685389	europepmc_section	332	3.29	
0				33690612	PLoS One	10.1371/journal.pone.0247798	PMC7943025	10.1371	pmc_oa	pmc_oa	True	PRJEB43183	europepmc	75	2.68	
0				37796924	PLoS One	10.1371/journal.pone.0292551	PMC10553240	10.1371	pmc_oa,unpaywall	pmc_oa	True	PRJNA989099	europepmc	113	1.75	
0				31278253	Sci Data	10.1038/s41597-019-0117-3	PMC6611873	10.1038	nature,pmc_oa,unpaywall	pmc_oa+publisher:nature	True	SRP117763	europepmc	67	50.82	
0				30228361	Sci Rep	10.1038/s41598-018-32413-2	PMC6143603	10.1038	nature,pmc_oa,unpaywall	pmc_oa+publisher:nature	True	PRJNA415554	europepmc	24	0.35	
0				31358825	Sci Rep	10.1038/s41598-019-45588-z	PMC6662695	10.1038	nature,pmc_oa,unpaywall	pmc_oa+publisher:nature	True	SRP131074	data_avail_section	283	4.58	
0				35039534	Sci Rep	10.1038/s41598-022-04773-3	PMC8763943	10.1038	nature,pmc_oa,unpaywall	pmc_oa+publisher:nature	True	PRJEB27928,ERP005860	europepmc	574	1267.31	
0				37095272	Sci Rep	10.1038/s41598-023-33794-9	PMC10126090	10.1038	nature,pmc_oa,unpaywall	pmc_oa+publisher:nature	True	PRJNA898111	europepmc_section	146	5.74	
0				37237024	Sci Rep	10.1038/s41598-023-34557-2	PMC10220038	10.1038	nature,pmc_oa,unpaywall	pmc_oa+publisher:nature	True	PRJNA882613	europepmc	109	1.44	
0				34158863	Theranostics	10.7150/thno.59196	PMC8210594	10.7150	pmc_oa	pmc_oa	True	PRJNA684767	europepmc_section	19	1.08	
0				38029508	Transl Oncol	10.1016/j.tranon.2023.101845	PMC10698572	10.1016	pmc_oa,unpaywall	pmc_oa	True	PRJNA603523,SRP245601,PRJNA805525,SRP359396	geo_to_sra	1170	9630.63	
