priority	publisher_bucket	doi_prefix	n_papers_in_prefix	journal	pmid	doi	cur_pdf_ok	cur_supp_ok	cur_reads_ok	gap_score
P0-plugin-done	springer	10.1007	31	Eur J Clin Microbiol Infect Dis	28600626	10.1007/s10096-017-3026-4	yes	no	yes	1
P0-plugin-done	springer	10.1007	31	Med Microbiol Immunol	29687353	10.1007/s00430-018-0542-5	yes	yes	no	1
P0-plugin-done	springer	10.1007	31	Virchows Arch	29705968	10.1007/s00428-018-2359-4	yes	yes	no	1
P0-plugin-done	springer	10.1007	31	Dig Dis Sci	29995183	10.1007/s10620-018-5190-5	yes	yes	no	1
P0-plugin-done	springer	10.1007	31	Apoptosis	30506375	10.1007/s10495-018-1500-9	yes	yes	no	1
P0-plugin-done	springer	10.1007	31	Methods Mol Biol	30725462	10.1007/978-1-4939-9027-6_16	yes	no	no	2
P0-plugin-done	springer	10.1007	31	Sci China Life Sci	30796721	10.1007/s11427-018-9456-x	yes	yes	no	1
P0-plugin-done	springer	10.1007	31	Front Med	31250341	10.1007/s11684-019-0695-7	yes	yes	no	1
P0-plugin-done	springer	10.1007	31	Curr Colorectal Cancer Rep	31680787	10.1007/s11888-019-00435-1	yes	no	no	2
P0-plugin-done	springer	10.1007	31	Dig Dis Sci	32974807	10.1007/s10620-020-06612-9	yes	yes	no	1
P0-plugin-done	springer	10.1007	31	Eur J Nucl Med Mol Imaging	33128571	10.1007/s00259-020-05081-6	yes	yes	no	1
P0-plugin-done	springer	10.1007	31	Curr Pharmacol Rep	33224717	10.1007/s40495-019-00196-3	yes	no	no	2
P0-plugin-done	springer	10.1007	31	Environ Sci Pollut Res Int	33405122	10.1007/s11356-020-11961-z	yes	no	no	2
P0-plugin-done	springer	10.1007	31	Curr Colorectal Cancer Rep	33456404	10.1007/s11888-018-0416-7	yes	no	no	2
P0-plugin-done	springer	10.1007	31	J Gastrointest Cancer	33492618	10.1007/s12029-021-00588-z	yes	no	no	2
P0-plugin-done	springer	10.1007	31	Support Care Cancer	33495850	10.1007/s00520-021-06013-2	yes	no	no	2
P0-plugin-done	springer	10.1007	31	Indian J Microbiol	33505091	10.1007/s12088-020-00909-z	yes	yes	yes	0
P0-plugin-done	springer	10.1007	31	World J Surg	33742231	10.1007/s00268-021-06062-y	yes	yes	no	1
P0-plugin-done	springer	10.1007	31	Oncol Ther	33895946	10.1007/s40487-021-00151-7	yes	yes	no	1
P0-plugin-done	springer	10.1007	31	Genes Genomics	36512197	10.1007/s13258-022-01340-y	yes	yes	no	1
P0-plugin-done	springer	10.1007	31	J Cancer Res Clin Oncol	36583742	10.1007/s00432-022-04544-7	yes	yes	no	1
P0-plugin-done	springer	10.1007	31	Clin Transl Oncol	36633831	10.1007/s12094-022-03061-w	yes	yes	no	1
P0-plugin-done	springer	10.1007	31	J Cancer Res Clin Oncol	36656381	10.1007/s00432-022-04553-6	yes	yes	no	1
P0-plugin-done	springer	10.1007	31	Clin Exp Med	37027066	10.1007/s10238-023-01048-7	yes	yes	no	1
P0-plugin-done	springer	10.1007	31	Parasitol Res	37162590	10.1007/s00436-023-07842-2	yes	yes	no	1
P0-plugin-done	springer	10.1007	31	J Gastrointest Cancer	37310549	10.1007/s12029-023-00925-4	yes	no	no	2
P0-plugin-done	springer	10.1007	31	Folia Microbiol (Praha)	37344611	10.1007/s12223-023-01072-w	yes	yes	yes	0
P0-plugin-done	springer	10.1007	31	Amino Acids	37490156	10.1007/s00726-023-03308-y	yes	no	no	2
P0-plugin-done	springer	10.1007	31	Int J Colorectal Dis	37555867	10.1007/s00384-023-04497-4	yes	no	yes	1
P0-plugin-done	springer	10.1007	31	Clin Exp Med	37612430	10.1007/s10238-023-01165-3	yes	yes	yes	0
P0-plugin-done	springer	10.1007	31	Support Care Cancer	37819383	10.1007/s00520-023-08058-x	yes	no	no	2
P0-plugin-done	nature	10.1038	27	ISME J	28837129	10.1038/ismej.2017.139	yes	yes	no	1
P0-plugin-done	nature	10.1038	27	Oncogene	28869607	10.1038/onc.2017.314	yes	yes	yes	0
P0-plugin-done	nature	10.1038	27	NPJ Biofilms Microbiomes	29104759	10.1038/s41522-017-0034-1	yes	yes	no	1
P0-plugin-done	nature	10.1038	27	NPJ Biofilms Microbiomes	29214046	10.1038/s41522-017-0040-3	yes	yes	yes	0
P0-plugin-done	nature	10.1038	27	Sci Rep	29985435	10.1038/s41598-018-28671-9	yes	yes	no	1
P0-plugin-done	nature	10.1038	27	Sci Rep	30228361	10.1038/s41598-018-32413-2	yes	yes	yes	0
P0-plugin-done	nature	10.1038	27	Nat Commun	30604764	10.1038/s41467-018-07841-3	yes	yes	yes	0
P0-plugin-done	nature	10.1038	27	Nat Med	30936548	10.1038/s41591-019-0405-7	yes	yes	yes	0
P0-plugin-done	nature	10.1038	27	Nat Med	31171880	10.1038/s41591-019-0458-7	yes	yes	yes	0
P0-plugin-done	nature	10.1038	27	Sci Data	31278253	10.1038/s41597-019-0117-3	yes	yes	yes	0
P0-plugin-done	nature	10.1038	27	Nat Commun	31320627	10.1038/s41467-019-10987-3	yes	yes	no	1
P0-plugin-done	nature	10.1038	27	Sci Rep	31358825	10.1038/s41598-019-45588-z	yes	yes	no	1
P0-plugin-done	nature	10.1038	27	Cell Death Differ	33262469	10.1038/s41418-020-00684-w	yes	yes	yes	0
P0-plugin-done	nature	10.1038	27	Sci Rep	33758296	10.1038/s41598-021-86247-6	yes	yes	no	1
P0-plugin-done	nature	10.1038	27	Nat Commun	34006865	10.1038/s41467-021-23029-8	yes	yes	yes	0
P0-plugin-done	nature	10.1038	27	Nat Commun	34103493	10.1038/s41467-021-23717-5	yes	yes	yes	0
P0-plugin-done	nature	10.1038	27	Nat Commun	34584098	10.1038/s41467-021-25965-x	yes	yes	yes	0
P0-plugin-done	nature	10.1038	27	Sci Rep	34599256	10.1038/s41598-021-99046-w	yes	yes	no	1
P0-plugin-done	nature	10.1038	27	Nat Commun	34799562	10.1038/s41467-021-27112-y	yes	yes	yes	0
P0-plugin-done	nature	10.1038	27	Sci Rep	35039534	10.1038/s41598-022-04773-3	yes	yes	yes	0
P0-plugin-done	nature	10.1038	27	Nat Microbiol	35087227	10.1038/s41564-021-01030-7	yes	yes	yes	0
P0-plugin-done	nature	10.1038	27	Nat Genet	35115689	10.1038/s41588-021-00991-z	yes	yes	no	1
P0-plugin-done	nature	10.1038	27	Sci Rep	37095272	10.1038/s41598-023-33794-9	yes	yes	no	1
P0-plugin-done	nature	10.1038	27	NPJ Biofilms Microbiomes	37127667	10.1038/s41522-023-00391-7	yes	yes	no	1
P0-plugin-done	nature	10.1038	27	Nat Med	37202560	10.1038/s41591-023-02324-5	yes	yes	no	1
P0-plugin-done	nature	10.1038	27	Sci Rep	37237024	10.1038/s41598-023-34557-2	yes	yes	yes	0
P0-plugin-done	nature	10.1038	27	Nat Commun	38030613	10.1038/s41467-023-43329-5	yes	yes	no	1
P0-plugin-done	bmj	10.1136	14	Gut	27742762	10.1136/gutjnl-2016-312580	yes	yes	no	1
P0-plugin-done	bmj	10.1136	14	Gut	28951525	10.1136/gutjnl-2017-314968	no	no	no	3
P0-plugin-done	bmj	10.1136	14	Gut	28988196	10.1136/gutjnl-2017-314814	yes	yes	no	1
P0-plugin-done	bmj	10.1136	14	Gut	29437871	10.1136/gutjnl-2016-313498	no	no	no	3
P0-plugin-done	bmj	10.1136	14	Gut	30377189	10.1136/gutjnl-2018-317200	yes	yes	no	1
P0-plugin-done	bmj	10.1136	14	Gut	30472682	10.1136/gutjnl-2018-317178	yes	yes	no	1
P0-plugin-done	bmj	10.1136	14	BMJ Open Gastroenterol	30899534	10.1136/bmjgast-2018-000247	yes	yes	no	1
P0-plugin-done	bmj	10.1136	14	BMJ Open	30987986	10.1136/bmjopen-2018-024872	yes	yes	no	1
P0-plugin-done	bmj	10.1136	14	BMJ Open Gastroenterol	31275588	10.1136/bmjgast-2019-000297	yes	no	no	2
P0-plugin-done	bmj	10.1136	14	Gut	34937766	10.1136/gutjnl-2020-323951	yes	yes	no	1
P0-plugin-done	bmj	10.1136	14	Gut	35953094	10.1136/gutjnl-2022-327156	yes	no	no	2
P0-plugin-done	bmj	10.1136	14	Gut	36585238	10.1136/gutjnl-2022-328389	no	no	no	3
P0-plugin-done	bmj	10.1136	14	J Immunother Cancer	37597851	10.1136/jitc-2023-007420	yes	no	no	2
P0-plugin-done	bmj	10.1136	14	J Immunother Cancer	38035726	10.1136/jitc-2023-007840	yes	no	no	2
P0-plugin-done	science_aaas	10.1126	3	Science	29170280	10.1126/science.aal5240	no	no	yes	2
P0-plugin-done	science_aaas	10.1126	3	Sci Transl Med	37315113	10.1126/scitranslmed.abq4006	yes	no	yes	1
P0-plugin-done	science_aaas	10.1126	3	Sci Immunol	37801516	10.1126/sciimmunol.adf2163	no	no	yes	2
P0-pure-OA	frontiers	10.3389	79	Front Microbiol	29250055	10.3389/fmicb.2017.02391	yes	yes	yes	0
P0-pure-OA	frontiers	10.3389	79	Front Microbiol	29375539	10.3389/fmicb.2017.02699	yes	yes	yes	0
P0-pure-OA	frontiers	10.3389	79	Front Microbiol	29988362	10.3389/fmicb.2018.01336	yes	no	yes	1
P0-pure-OA	frontiers	10.3389	79	Front Microbiol	30065719	10.3389/fmicb.2018.01607	yes	yes	yes	0
P0-pure-OA	frontiers	10.3389	79	Front Microbiol	30072967	10.3389/fmicb.2018.01587	yes	yes	no	1
P0-pure-OA	frontiers	10.3389	79	Front Microbiol	30233512	10.3389/fmicb.2018.02004	yes	yes	yes	0
P0-pure-OA	frontiers	10.3389	79	Front Cell Infect Microbiol	30245977	10.3389/fcimb.2018.00281	yes	yes	no	1
P0-pure-OA	frontiers	10.3389	79	Front Microbiol	30972034	10.3389/fmicb.2019.00474	yes	yes	no	1
P0-pure-OA	frontiers	10.3389	79	Front Microbiol	31068913	10.3389/fmicb.2019.00826	yes	yes	yes	0
P0-pure-OA	frontiers	10.3389	79	Front Genet	31191599	10.3389/fgene.2019.00447	yes	yes	no	1
P0-pure-OA	frontiers	10.3389	79	Front Microbiol	31214144	10.3389/fmicb.2019.01205	yes	yes	yes	0
P0-pure-OA	frontiers	10.3389	79	Front Microbiol	31244818	10.3389/fmicb.2019.01317	yes	yes	no	1
P0-pure-OA	frontiers	10.3389	79	Front Genet	31354787	10.3389/fgene.2019.00631	yes	no	yes	1
P0-pure-OA	frontiers	10.3389	79	Front Microbiol	31417532	10.3389/fmicb.2019.01746	yes	yes	yes	0
P0-pure-OA	frontiers	10.3389	79	Front Microbiol	31428073	10.3389/fmicb.2019.01780	yes	yes	no	1
P0-pure-OA	frontiers	10.3389	79	Front Oncol	31555583	10.3389/fonc.2019.00813	yes	yes	yes	0
P0-pure-OA	frontiers	10.3389	79	Front Cell Infect Microbiol	33996615	10.3389/fcimb.2021.606490	yes	yes	yes	0
P0-pure-OA	frontiers	10.3389	79	Front Oncol	34046355	10.3389/fonc.2021.661048	yes	yes	yes	0
P0-pure-OA	frontiers	10.3389	79	Front Cell Dev Biol	34150751	10.3389/fcell.2021.642948	yes	yes	yes	0
P0-pure-OA	frontiers	10.3389	79	Front Cell Infect Microbiol	34307189	10.3389/fcimb.2021.657867	yes	yes	no	1
P0-pure-OA	frontiers	10.3389	79	Front Mol Biosci	34307461	10.3389/fmolb.2021.703638	yes	yes	yes	0
P0-pure-OA	frontiers	10.3389	79	Front Oncol	34422640	10.3389/fonc.2021.685641	yes	yes	no	1
P0-pure-OA	frontiers	10.3389	79	Front Oncol	34447694	10.3389/fonc.2021.664321	yes	yes	yes	0
P0-pure-OA	frontiers	10.3389	79	Front Immunol	34539647	10.3389/fimmu.2021.715559	yes	yes	no	1
P0-pure-OA	frontiers	10.3389	79	Front Oncol	34595105	10.3389/fonc.2021.650026	yes	yes	no	1
P0-pure-OA	frontiers	10.3389	79	Front Pharmacol	34603035	10.3389/fphar.2021.725583	yes	yes	yes	0
P0-pure-OA	frontiers	10.3389	79	Front Cell Infect Microbiol	34604105	10.3389/fcimb.2021.701109	yes	no	yes	1
P0-pure-OA	frontiers	10.3389	79	Front Cell Dev Biol	34604238	10.3389/fcell.2021.736994	yes	no	yes	1
P0-pure-OA	frontiers	10.3389	79	Front Cell Infect Microbiol	34646786	10.3389/fcimb.2021.765843	yes	no	no	2
P0-pure-OA	frontiers	10.3389	79	Front Microbiol	34650531	10.3389/fmicb.2021.727937	yes	yes	no	1
P0-pure-OA	frontiers	10.3389	79	Front Microbiol	34745023	10.3389/fmicb.2021.705583	yes	yes	yes	0
P0-pure-OA	frontiers	10.3389	79	Front Oncol	34778085	10.3389/fonc.2021.763468	yes	yes	no	1
P0-pure-OA	frontiers	10.3389	79	Front Microbiol	34795654	10.3389/fmicb.2021.761113	yes	yes	no	1
P0-pure-OA	frontiers	10.3389	79	Front Cell Infect Microbiol	34804993	10.3389/fcimb.2021.749750	yes	yes	no	1
P0-pure-OA	frontiers	10.3389	79	Front Pharmacol	34867387	10.3389/fphar.2021.762603	yes	yes	yes	0
P0-pure-OA	frontiers	10.3389	79	Front Microbiol	34867852	10.3389/fmicb.2021.736343	yes	yes	no	1
P0-pure-OA	frontiers	10.3389	79	Front Pharmacol	34955830	10.3389/fphar.2021.758830	yes	no	no	2
P0-pure-OA	frontiers	10.3389	79	Front Microbiol	34956106	10.3389/fmicb.2021.653448	yes	yes	no	1
P0-pure-OA	frontiers	10.3389	79	Front Oncol	34956908	10.3389/fonc.2021.796774	yes	yes	no	1
P0-pure-OA	frontiers	10.3389	79	Front Microbiol	34975790	10.3389/fmicb.2021.765291	yes	yes	yes	0
P0-pure-OA	frontiers	10.3389	79	Front Genet	35003221	10.3389/fgene.2021.787176	yes	yes	yes	0
P0-pure-OA	frontiers	10.3389	79	Front Oncol	35004303	10.3389/fonc.2021.781697	yes	yes	no	1
P0-pure-OA	frontiers	10.3389	79	Front Microbiol	35185821	10.3389/fmicb.2021.797062	yes	yes	yes	0
P0-pure-OA	frontiers	10.3389	79	Front Med (Lausanne)	35211486	10.3389/fmed.2021.800566	yes	yes	yes	0
P0-pure-OA	frontiers	10.3389	79	Front Cell Infect Microbiol	35281451	10.3389/fcimb.2022.839435	yes	no	yes	1
P0-pure-OA	frontiers	10.3389	79	Front Cell Infect Microbiol	36960042	10.3389/fcimb.2023.1101291	yes	yes	no	1
P0-pure-OA	frontiers	10.3389	79	Front Oncol	36998438	10.3389/fonc.2023.1001819	yes	yes	yes	0
P0-pure-OA	frontiers	10.3389	79	Front Cell Infect Microbiol	37051296	10.3389/fcimb.2023.1099063	yes	yes	yes	0
P0-pure-OA	frontiers	10.3389	79	Front Microbiol	37082183	10.3389/fmicb.2023.1097892	yes	no	no	2
P0-pure-OA	frontiers	10.3389	79	Front Plant Sci	37113593	10.3389/fpls.2023.1166075	yes	yes	no	1
P0-pure-OA	frontiers	10.3389	79	Front Pharmacol	37180722	10.3389/fphar.2023.1113007	yes	no	no	2
P0-pure-OA	frontiers	10.3389	79	Front Oncol	37182146	10.3389/fonc.2023.1183039	yes	yes	no	1
P0-pure-OA	frontiers	10.3389	79	Front Cell Infect Microbiol	37249979	10.3389/fcimb.2023.1098310	yes	yes	no	1
P0-pure-OA	frontiers	10.3389	79	Front Microbiol	37283932	10.3389/fmicb.2023.1130446	yes	yes	yes	0
P0-pure-OA	frontiers	10.3389	79	Front Immunol	37313408	10.3389/fimmu.2023.1126217	yes	yes	yes	0
P0-pure-OA	frontiers	10.3389	79	Front Cell Dev Biol	37325561	10.3389/fcell.2023.1168693	yes	yes	yes	0
P0-pure-OA	frontiers	10.3389	79	Front Microbiol	37362927	10.3389/fmicb.2023.1133607	yes	yes	yes	0
P0-pure-OA	frontiers	10.3389	79	Front Microbiol	37560524	10.3389/fmicb.2023.1178744	yes	yes	no	1
P0-pure-OA	frontiers	10.3389	79	Front Cell Infect Microbiol	37577378	10.3389/fcimb.2023.1190910	yes	yes	yes	0
P0-pure-OA	frontiers	10.3389	79	Front Cell Infect Microbiol	37593761	10.3389/fcimb.2023.1216024	yes	yes	no	1
P0-pure-OA	frontiers	10.3389	79	Front Oncol	37601681	10.3389/fonc.2023.1218056	yes	yes	yes	0
P0-pure-OA	frontiers	10.3389	79	Front Microbiol	37614602	10.3389/fmicb.2023.1236583	yes	yes	no	1
P0-pure-OA	frontiers	10.3389	79	Front Microbiol	37655344	10.3389/fmicb.2023.1182346	yes	yes	yes	0
P0-pure-OA	frontiers	10.3389	79	Front Microbiol	37675425	10.3389/fmicb.2023.1238199	yes	yes	yes	0
P0-pure-OA	frontiers	10.3389	79	Front Microbiol	37901832	10.3389/fmicb.2023.1229888	yes	yes	no	1
P0-pure-OA	frontiers	10.3389	79	Front Oncol	37965445	10.3389/fonc.2023.1212812	yes	yes	no	1
P0-pure-OA	frontiers	10.3389	79	Front Immunol	38022530	10.3389/fimmu.2023.1230306	yes	yes	yes	0
P0-pure-OA	frontiers	10.3389	79	Front Endocrinol (Lausanne)	38027096	10.3389/fendo.2023.1152514	yes	yes	no	1
P0-pure-OA	frontiers	10.3389	79	Front Mol Biosci	38074097	10.3389/fmolb.2023.1327893	yes	yes	no	1
P0-pure-OA	frontiers	10.3389	79	Front Microbiol	38075864	10.3389/fmicb.2023.1302719	yes	yes	no	1
P0-pure-OA	frontiers	10.3389	79	Front Microbiol	38075911	10.3389/fmicb.2023.1264941	yes	yes	yes	0
P0-pure-OA	frontiers	10.3389	79	Front Microbiol	38111646	10.3389/fmicb.2023.1288487	yes	yes	no	1
P0-pure-OA	frontiers	10.3389	79	Front Cell Infect Microbiol	38179421	10.3389/fcimb.2023.1330900	yes	yes	yes	0
P0-pure-OA	frontiers	10.3389	79	Front Microbiol	38293554	10.3389/fmicb.2023.1292490	yes	yes	yes	0
P0-pure-OA	frontiers	10.3389	79	Front Oncol	38304032	10.3389/fonc.2023.1310054	yes	yes	no	1
P0-pure-OA	frontiers	10.3389	79	Front Pharmacol	38357363	10.3389/fphar.2023.1320028	yes	yes	no	1
P0-pure-OA	frontiers	10.3389	79	Front Oncol	38375206	10.3389/fonc.2023.1313735	yes	yes	yes	0
P0-pure-OA	frontiers	10.3389	79	Front Cell Infect Microbiol	38384432	10.3389/fcimb.2023.1288666	yes	no	no	2
P0-pure-OA	frontiers	10.3389	79	Front Mol Biosci	38455360	10.3389/fmolb.2023.1298679	yes	yes	no	1
P0-pure-OA	mdpi	10.3390	54	Genes (Basel)	29120399	10.3390/genes8110314	yes	yes	no	1
P0-pure-OA	mdpi	10.3390	54	Genes (Basel)	29494510	10.3390/genes9030133	yes	no	no	2
P0-pure-OA	mdpi	10.3390	54	Int J Mol Sci	30200383	10.3390/ijms19092593	yes	no	no	2
P0-pure-OA	mdpi	10.3390	54	Molecules	30205580	10.3390/molecules23092298	yes	yes	no	1
P0-pure-OA	mdpi	10.3390	54	Diseases	30717148	10.3390/diseases7010016	yes	no	no	2
P0-pure-OA	mdpi	10.3390	54	Genes (Basel)	30717284	10.3390/genes10020112	yes	no	yes	1
P0-pure-OA	mdpi	10.3390	54	Toxins (Basel)	31349572	10.3390/toxins11080436	yes	yes	no	1
P0-pure-OA	mdpi	10.3390	54	Nutrients	33809130	10.3390/nu13030919	yes	yes	no	1
P0-pure-OA	mdpi	10.3390	54	Cancers (Basel)	33809624	10.3390/cancers13061341	yes	no	no	2
P0-pure-OA	mdpi	10.3390	54	Life (Basel)	33809741	10.3390/life11030246	yes	yes	no	1
P0-pure-OA	mdpi	10.3390	54	Microorganisms	34065545	10.3390/microorganisms9051108	yes	no	no	2
P0-pure-OA	mdpi	10.3390	54	Molecules	34199466	10.3390/molecules26113351	yes	no	no	2
P0-pure-OA	mdpi	10.3390	54	Nutrients	34200105	10.3390/nu13061937	yes	yes	no	1
P0-pure-OA	mdpi	10.3390	54	Cancers (Basel)	34283063	10.3390/cancers13133332	yes	no	yes	1
P0-pure-OA	mdpi	10.3390	54	Cancers (Basel)	34298766	10.3390/cancers13143552	yes	yes	no	1
P0-pure-OA	mdpi	10.3390	54	Metabolites	34357350	10.3390/metabo11070456	yes	yes	no	1
P0-pure-OA	mdpi	10.3390	54	Biology (Basel)	34439954	10.3390/biology10080722	yes	yes	no	1
P0-pure-OA	mdpi	10.3390	54	Life (Basel)	34440574	10.3390/life11080831	yes	yes	yes	0
P0-pure-OA	mdpi	10.3390	54	Microorganisms	34442626	10.3390/microorganisms9081548	yes	yes	no	1
P0-pure-OA	mdpi	10.3390	54	Nutrients	34444865	10.3390/nu13082705	yes	no	no	2
P0-pure-OA	mdpi	10.3390	54	Int J Mol Sci	34502456	10.3390/ijms22179549	yes	yes	no	1
P0-pure-OA	mdpi	10.3390	54	Genes (Basel)	34573430	10.3390/genes12091448	yes	yes	no	1
P0-pure-OA	mdpi	10.3390	54	Cancers (Basel)	34638284	10.3390/cancers13194799	yes	yes	yes	0
P0-pure-OA	mdpi	10.3390	54	Int J Mol Sci	34639088	10.3390/ijms221910747	yes	yes	yes	0
P0-pure-OA	mdpi	10.3390	54	Cancers (Basel)	34771584	10.3390/cancers13215421	yes	yes	no	1
P0-pure-OA	mdpi	10.3390	54	Cancers (Basel)	34830904	10.3390/cancers13225750	yes	yes	no	1
P0-pure-OA	mdpi	10.3390	54	Biomedicines	34944631	10.3390/biomedicines9121815	yes	yes	no	1
P0-pure-OA	mdpi	10.3390	54	Cancers (Basel)	34944982	10.3390/cancers13246363	yes	yes	yes	0
P0-pure-OA	mdpi	10.3390	54	Microorganisms	34946141	10.3390/microorganisms9122540	yes	yes	no	1
P0-pure-OA	mdpi	10.3390	54	Microorganisms	35056490	10.3390/microorganisms10010041	yes	no	no	2
P0-pure-OA	mdpi	10.3390	54	Microorganisms	35056510	10.3390/microorganisms10010062	yes	no	no	2
P0-pure-OA	mdpi	10.3390	54	Metabolites	36984891	10.3390/metabo13030451	yes	yes	yes	0
P0-pure-OA	mdpi	10.3390	54	Int J Mol Sci	37175647	10.3390/ijms24097940	yes	no	no	2
P0-pure-OA	mdpi	10.3390	54	Cancers (Basel)	37190160	10.3390/cancers15082231	yes	yes	yes	0
P0-pure-OA	mdpi	10.3390	54	Molecules	37241995	10.3390/molecules28104255	yes	yes	no	1
P0-pure-OA	mdpi	10.3390	54	Microorganisms	37317121	10.3390/microorganisms11051147	yes	yes	no	1
P0-pure-OA	mdpi	10.3390	54	Microorganisms	37317301	10.3390/microorganisms11051327	yes	yes	no	1
P0-pure-OA	mdpi	10.3390	54	Cancers (Basel)	37370676	10.3390/cancers15123065	yes	yes	yes	0
P0-pure-OA	mdpi	10.3390	54	Curr Issues Mol Biol	37504267	10.3390/cimb45070351	yes	yes	no	1
P0-pure-OA	mdpi	10.3390	54	Cancers (Basel)	37509218	10.3390/cancers15143555	yes	yes	no	1
P0-pure-OA	mdpi	10.3390	54	Metabolites	37512526	10.3390/metabo13070819	yes	yes	no	1
P0-pure-OA	mdpi	10.3390	54	Pharmaceuticals (Basel)	37513865	10.3390/ph16070953	yes	no	no	2
P0-pure-OA	mdpi	10.3390	54	Nutrients	37686736	10.3390/nu15173705	yes	yes	no	1
P0-pure-OA	mdpi	10.3390	54	Curr Issues Mol Biol	37754261	10.3390/cimb45090477	yes	yes	yes	0
P0-pure-OA	mdpi	10.3390	54	Cancers (Basel)	37760515	10.3390/cancers15184546	yes	yes	yes	0
P0-pure-OA	mdpi	10.3390	54	Pathogens	37887704	10.3390/pathogens12101188	yes	no	no	2
P0-pure-OA	mdpi	10.3390	54	Nutrients	37892474	10.3390/nu15204399	yes	yes	yes	0
P0-pure-OA	mdpi	10.3390	54	Microorganisms	37894093	10.3390/microorganisms11102437	yes	yes	no	1
P0-pure-OA	mdpi	10.3390	54	Cancers (Basel)	37894386	10.3390/cancers15205019	yes	yes	no	1
P0-pure-OA	mdpi	10.3390	54	Cancers (Basel)	37894412	10.3390/cancers15205045	yes	no	no	2
P0-pure-OA	mdpi	10.3390	54	Microorganisms	38004753	10.3390/microorganisms11112742	yes	yes	no	1
P0-pure-OA	mdpi	10.3390	54	Cancers (Basel)	38067377	10.3390/cancers15235674	yes	yes	no	1
P0-pure-OA	mdpi	10.3390	54	Microorganisms	38138101	10.3390/microorganisms11122957	yes	yes	yes	0
P0-pure-OA	mdpi	10.3390	54	Cancers (Basel)	38201530	10.3390/cancers16010104	yes	yes	no	1
P0-pure-OA	bmc	10.1186	45	Microbiome	29041989	10.1186/s40168-017-0359-2	yes	yes	yes	0
P0-pure-OA	bmc	10.1186	45	Microbiome	29145893	10.1186/s40168-017-0366-3	yes	yes	yes	0
P0-pure-OA	bmc	10.1186	45	BMC Bioinformatics	29297304	10.1186/s12859-017-1968-2	yes	yes	no	1
P0-pure-OA	bmc	10.1186	45	Genome Biol	29361968	10.1186/s13059-018-1389-1	yes	yes	yes	0
P0-pure-OA	bmc	10.1186	45	BMC Med Genet	29458332	10.1186/s12881-018-0533-9	yes	yes	no	1
P0-pure-OA	bmc	10.1186	45	Microbiome	29642940	10.1186/s40168-018-0451-2	yes	yes	no	1
P0-pure-OA	bmc	10.1186	45	Gut Pathog	30008808	10.1186/s13099-018-0258-5	yes	no	no	2
P0-pure-OA	bmc	10.1186	45	Syst Rev	30115102	10.1186/s13643-018-0792-8	yes	no	no	2
P0-pure-OA	bmc	10.1186	45	BMC Microbiol	30157754	10.1186/s12866-018-1232-6	yes	yes	no	1
P0-pure-OA	bmc	10.1186	45	Breast Cancer Res	30208917	10.1186/s13058-018-1036-5	yes	yes	no	1
P0-pure-OA	bmc	10.1186	45	Genome Med	30376889	10.1186/s13073-018-0586-6	yes	yes	yes	0
P0-pure-OA	bmc	10.1186	45	BMC Cancer	30832616	10.1186/s12885-019-5409-7	yes	yes	no	1
P0-pure-OA	bmc	10.1186	45	BMC Cancer	31035942	10.1186/s12885-019-5571-y	yes	yes	no	1
P0-pure-OA	bmc	10.1186	45	J Transl Med	31036005	10.1186/s12967-019-1879-2	yes	yes	no	1
P0-pure-OA	bmc	10.1186	45	Microbiome	31060614	10.1186/s40168-019-0685-7	yes	yes	no	1
P0-pure-OA	bmc	10.1186	45	BMC Microbiol	31096909	10.1186/s12866-019-1483-x	yes	yes	no	1
P0-pure-OA	bmc	10.1186	45	Gut Pathog	31168325	10.1186/s13099-019-0299-4	yes	yes	no	1
P0-pure-OA	bmc	10.1186	45	Microbiome	31370880	10.1186/s40168-019-0722-6	yes	yes	yes	0
P0-pure-OA	bmc	10.1186	45	Genome Biol	31387630	10.1186/s13059-019-1773-5	yes	yes	yes	0
P0-pure-OA	bmc	10.1186	45	Chin Med	33731196	10.1186/s13020-021-00436-z	yes	yes	no	1
P0-pure-OA	bmc	10.1186	45	BMC Microbiol	33789570	10.1186/s12866-021-02153-x	yes	yes	yes	0
P0-pure-OA	bmc	10.1186	45	Hered Cancer Clin Pract	33827643	10.1186/s13053-021-00181-2	yes	yes	no	1
P0-pure-OA	bmc	10.1186	45	BMC Microbiol	34044781	10.1186/s12866-021-02182-6	yes	yes	no	1
P0-pure-OA	bmc	10.1186	45	BMC Microbiol	34182940	10.1186/s12866-021-02255-6	yes	yes	no	1
P0-pure-OA	bmc	10.1186	45	Radiat Oncol	34256782	10.1186/s13014-021-01853-y	yes	yes	no	1
P0-pure-OA	bmc	10.1186	45	BMC Cancer	34407780	10.1186/s12885-021-08640-8	yes	yes	no	1
P0-pure-OA	bmc	10.1186	45	BMC Microbiol	34544375	10.1186/s12866-021-02312-0	yes	yes	no	1
P0-pure-OA	bmc	10.1186	45	Hered Cancer Clin Pract	34711244	10.1186/s13053-021-00203-z	yes	yes	no	1
P0-pure-OA	bmc	10.1186	45	BMC Microbiol	34715774	10.1186/s12866-021-02359-z	yes	yes	yes	0
P0-pure-OA	bmc	10.1186	45	J Transl Med	34844611	10.1186/s12967-021-03154-0	yes	yes	no	1
P0-pure-OA	bmc	10.1186	45	Gut Pathog	34983654	10.1186/s13099-021-00477-7	yes	yes	yes	0
P0-pure-OA	bmc	10.1186	45	J Exp Clin Cancer Res	35183223	10.1186/s13046-021-02239-4	yes	yes	no	1
P0-pure-OA	bmc	10.1186	45	Microbiome	35189961	10.1186/s40168-021-01208-5	yes	yes	no	1
P0-pure-OA	bmc	10.1186	45	BMC Microbiol	36864380	10.1186/s12866-023-02791-3	yes	yes	yes	0
P0-pure-OA	bmc	10.1186	45	J Transl Med	36967379	10.1186/s12967-023-04054-1	yes	yes	no	1
P0-pure-OA	bmc	10.1186	45	BMC Bioinformatics	37003965	10.1186/s12859-023-05251-x	yes	no	no	2
P0-pure-OA	bmc	10.1186	45	Genome Med	37131219	10.1186/s13073-023-01180-9	yes	yes	no	1
P0-pure-OA	bmc	10.1186	45	BMC Med	37170273	10.1186/s12916-023-02751-8	yes	yes	no	1
P0-pure-OA	bmc	10.1186	45	J Transl Med	37291572	10.1186/s12967-023-04119-1	yes	yes	no	1
P0-pure-OA	bmc	10.1186	45	Microbiome	37507809	10.1186/s40168-023-01610-1	yes	yes	no	1
P0-pure-OA	bmc	10.1186	45	Gut Pathog	37596621	10.1186/s13099-023-00566-9	yes	yes	yes	0
P0-pure-OA	bmc	10.1186	45	BMC Microbiol	37644393	10.1186/s12866-023-02991-x	yes	yes	yes	0
P0-pure-OA	bmc	10.1186	45	BMC Microbiol	37644400	10.1186/s12866-023-02981-z	yes	yes	yes	0
P0-pure-OA	bmc	10.1186	45	Mol Cancer	37789383	10.1186/s12943-023-01869-w	yes	yes	no	1
P0-pure-OA	bmc	10.1186	45	J Transl Med	37814323	10.1186/s12967-023-04527-3	yes	yes	no	1
P0-pure-OA	asm	10.1128	18	mSystems	28951889	10.1128/mSystems.00065-17	yes	no	yes	1
P0-pure-OA	asm	10.1128	18	mSystems	29795787	10.1128/mSystems.00205-17	yes	no	yes	1
P0-pure-OA	asm	10.1128	18	mBio	30459201	10.1128/mBio.02248-18	yes	yes	yes	0
P0-pure-OA	asm	10.1128	18	mSystems	31098399	10.1128/mSystems.00332-18	yes	no	no	2
P0-pure-OA	asm	10.1128	18	mBio	31266879	10.1128/mBio.01454-19	yes	no	yes	1
P0-pure-OA	asm	10.1128	18	mBio	31311881	10.1128/mBio.01315-19	yes	yes	yes	0
P0-pure-OA	asm	10.1128	18	mSystems	33727392	10.1128/mSystems.00115-21	yes	yes	yes	0
P0-pure-OA	asm	10.1128	18	mBio	33824205	10.1128/mBio.00547-21	yes	yes	yes	0
P0-pure-OA	asm	10.1128	18	mSystems	33947803	10.1128/mSystems.00112-21	yes	yes	yes	0
P0-pure-OA	asm	10.1128	18	mBio	34225483	10.1128/mBio.01155-21	yes	no	yes	1
P0-pure-OA	asm	10.1128	18	mBio	35012354	10.1128/mbio.03161-21	yes	yes	yes	0
P0-pure-OA	asm	10.1128	18	Microbiol Spectr	36719190	10.1128/spectrum.02819-22	yes	no	yes	1
P0-pure-OA	asm	10.1128	18	Microbiol Spectr	36786568	10.1128/spectrum.05038-22	yes	no	no	2
P0-pure-OA	asm	10.1128	18	mSphere	36847529	10.1128/msphere.00626-22	yes	no	yes	1
P0-pure-OA	asm	10.1128	18	Microbiol Spectr	36877086	10.1128/spectrum.02065-22	yes	yes	yes	0
P0-pure-OA	asm	10.1128	18	Microbiol Spectr	37042765	10.1128/spectrum.05066-22	yes	yes	yes	0
P0-pure-OA	asm	10.1128	18	mSystems	37404032	10.1128/msystems.00531-23	yes	yes	yes	0
P0-pure-OA	asm	10.1128	18	mSystems	37458451	10.1128/msystems.00151-23	yes	yes	yes	0
P0-done	plos	10.1371	11	PLoS One	29852000	10.1371/journal.pone.0198342	yes	yes	yes	0
P0-done	plos	10.1371	11	PLoS One	30412600	10.1371/journal.pone.0207002	yes	yes	no	1
P0-done	plos	10.1371	11	PLoS One	30576312	10.1371/journal.pone.0208584	yes	yes	yes	0
P0-done	plos	10.1371	11	PLoS One	30794590	10.1371/journal.pone.0212406	yes	yes	no	1
P0-done	plos	10.1371	11	PLoS One	31199857	10.1371/journal.pone.0218436	yes	yes	no	1
P0-done	plos	10.1371	11	PLoS One	31211818	10.1371/journal.pone.0218274	yes	yes	no	1
P0-done	plos	10.1371	11	PLoS One	33662003	10.1371/journal.pone.0247905	yes	yes	no	1
P0-done	plos	10.1371	11	PLoS One	33690612	10.1371/journal.pone.0247798	yes	yes	yes	0
P0-done	plos	10.1371	11	PLoS Negl Trop Dis	36989208	10.1371/journal.pntd.0011170	yes	yes	yes	0
P0-done	plos	10.1371	11	PLoS One	37603579	10.1371/journal.pone.0290307	yes	yes	no	1
P0-done	plos	10.1371	11	PLoS One	37796924	10.1371/journal.pone.0292551	yes	yes	yes	0
P1-local-rescue	elsevier-or-cell_press	10.1016	54	Anaerobe	28300642	10.1016/j.anaerobe.2017.03.012	yes	no	no	2
P1-local-rescue	elsevier-or-cell_press	10.1016	54	J Nutr Biochem	29454999	10.1016/j.jnutbio.2018.01.005	no	no	no	3
P1-local-rescue	elsevier-or-cell_press	10.1016	54	Microbiol Res	29458855	10.1016/j.micres.2017.12.004	no	no	no	3
P1-local-rescue	elsevier-or-cell_press	10.1016	54	Methods	29704665	10.1016/j.ymeth.2018.04.024	no	no	yes	2
P1-local-rescue	elsevier-or-cell_press	10.1016	54	Eur Urol	30007819	10.1016/j.eururo.2018.06.033	yes	no	no	2
P1-local-rescue	elsevier-or-cell_press	10.1016	54	Biochim Biophys Acta Mol Basis Dis	30292635	10.1016/j.bbadis.2018.10.006	yes	no	no	2
P1-local-rescue	elsevier-or-cell_press	10.1016	54	Nutrition	30711862	10.1016/j.nut.2018.10.038	no	no	no	3
P1-local-rescue	elsevier-or-cell_press	10.1016	54	Cancer Epidemiol	30776583	10.1016/j.canep.2019.02.001	yes	no	no	2
P1-local-rescue	elsevier-or-cell_press	10.1016	54	J Chromatogr A	31047664	10.1016/j.chroma.2019.04.028	no	no	no	3
P1-local-rescue	elsevier-or-cell_press	10.1016	54	Int Immunopharmacol	31059977	10.1016/j.intimp.2019.02.038	yes	no	no	2
P1-local-rescue	elsevier-or-cell_press	10.1016	54	Clin Microbiol Infect	32835795	10.1016/j.cmi.2020.08.021	yes	no	no	2
P1-local-rescue	elsevier-or-cell_press	10.1016	54	Cancer Lett	33249197	10.1016/j.canlet.2020.11.030	no	no	no	3
P1-local-rescue	elsevier-or-cell_press	10.1016	54	J Nutr Biochem	33347911	10.1016/j.jnutbio.2020.108567	no	no	no	3
P1-local-rescue	elsevier-or-cell_press	10.1016	54	Int J Radiat Oncol Biol Phys	33524545	10.1016/j.ijrobp.2021.01.032	no	no	no	3
P1-local-rescue	elsevier-or-cell_press	10.1016	54	Mol Ther Nucleic Acids	33575112	10.1016/j.omtn.2020.12.017	yes	yes	no	1
P1-local-rescue	elsevier-or-cell_press	10.1016	54	Genomics Proteomics Bioinformatics	33607296	10.1016/j.gpb.2020.06.015	yes	yes	no	1
P1-local-rescue	elsevier-or-cell_press	10.1016	54	Infect Genet Evol	33771725	10.1016/j.meegid.2021.104816	yes	no	no	2
P1-local-rescue	elsevier-or-cell_press	10.1016	54	Microb Pathog	34022363	10.1016/j.micpath.2021.104964	no	no	no	3
P1-local-rescue	elsevier-or-cell_press	10.1016	54	Comput Struct Biotechnol J	34188781	10.1016/j.csbj.2021.05.049	yes	yes	no	1
P1-local-rescue	elsevier-or-cell_press	10.1016	54	Cell Mol Gastroenterol Hepatol	34418587	10.1016/j.jcmgh.2021.08.007	yes	no	yes	1
P1-local-rescue	elsevier-or-cell_press	10.1016	54	Curr Opin Physiol	34514218	10.1016/j.cophys.2021.100472	no	no	no	3
P1-local-rescue	elsevier-or-cell_press	10.1016	54	Cell Rep	34706245	10.1016/j.celrep.2021.109886	yes	no	yes	1
P1-local-rescue	elsevier-or-cell_press	10.1016	54	Cell Mol Gastroenterol Hepatol	35688320	10.1016/j.jcmgh.2022.05.010	yes	yes	yes	0
P1-local-rescue	elsevier-or-cell_press	10.1016	54	J Ethnopharmacol	36572328	10.1016/j.jep.2022.116075	no	no	no	3
P1-local-rescue	elsevier-or-cell_press	10.1016	54	J Ethnopharmacol	36603786	10.1016/j.jep.2022.116125	no	no	no	3
P1-local-rescue	elsevier-or-cell_press	10.1016	54	J Cyst Fibros	36717332	10.1016/j.jcf.2023.01.013	yes	no	no	2
P1-local-rescue	elsevier-or-cell_press	10.1016	54	Exp Mol Pathol	36736685	10.1016/j.yexmp.2023.104855	no	no	no	3
P1-local-rescue	elsevier-or-cell_press	10.1016	54	Cell Genom	36778661	10.1016/j.xgen.2022.100096	yes	yes	yes	0
P1-local-rescue	elsevier-or-cell_press	10.1016	54	Eur J Cancer	36868056	10.1016/j.ejca.2023.01.024	yes	no	no	2
P1-local-rescue	elsevier-or-cell_press	10.1016	54	Int J Biol Macromol	36889619	10.1016/j.ijbiomac.2023.123927	no	no	no	3
P1-local-rescue	elsevier-or-cell_press	10.1016	54	Mucosal Immunol	37004750	10.1016/j.mucimm.2023.03.006	yes	no	no	2
P1-local-rescue	elsevier-or-cell_press	10.1016	54	Neoplasia	37058886	10.1016/j.neo.2023.100901	yes	yes	yes	0
P1-local-rescue	elsevier-or-cell_press	10.1016	54	Cell Host Microbe	37130517	10.1016/j.chom.2023.04.007	yes	no	yes	1
P1-local-rescue	elsevier-or-cell_press	10.1016	54	Chin J Nat Med	37245872	10.1016/S1875-5364(23)60451-0	no	no	no	3
P1-local-rescue	elsevier-or-cell_press	10.1016	54	Phytomedicine	37269754	10.1016/j.phymed.2023.154900	no	no	no	3
P1-local-rescue	elsevier-or-cell_press	10.1016	54	EBioMedicine	37343363	10.1016/j.ebiom.2023.104670	yes	yes	no	1
P1-local-rescue	elsevier-or-cell_press	10.1016	54	Anaerobe	37380012	10.1016/j.anaerobe.2023.102757	yes	no	no	2
P1-local-rescue	elsevier-or-cell_press	10.1016	54	J Ethnopharmacol	37429503	10.1016/j.jep.2023.116866	no	no	no	3
P1-local-rescue	elsevier-or-cell_press	10.1016	54	Int J Radiat Oncol Biol Phys	37433373	10.1016/j.ijrobp.2023.06.2515	no	no	no	3
P1-local-rescue	elsevier-or-cell_press	10.1016	54	Am J Clin Nutr	37474105	10.1016/j.ajcnut.2023.07.011	yes	yes	yes	0
P1-local-rescue	elsevier-or-cell_press	10.1016	54	Heliyon	37483698	10.1016/j.heliyon.2023.e18035	yes	yes	yes	0
P1-local-rescue	elsevier-or-cell_press	10.1016	54	Pharmacol Res	37586618	10.1016/j.phrs.2023.106891	yes	no	no	2
P1-local-rescue	elsevier-or-cell_press	10.1016	54	J Adv Res	37619934	10.1016/j.jare.2023.08.014	yes	yes	no	1
P1-local-rescue	elsevier-or-cell_press	10.1016	54	Ecotoxicol Environ Saf	37714033	10.1016/j.ecoenv.2023.115475	no	no	no	3
P1-local-rescue	elsevier-or-cell_press	10.1016	54	Anaerobe	37806638	10.1016/j.anaerobe.2023.102784	yes	no	no	2
P1-local-rescue	elsevier-or-cell_press	10.1016	54	Neoplasia	37813000	10.1016/j.neo.2023.100939	yes	yes	no	1
P1-local-rescue	elsevier-or-cell_press	10.1016	54	Clin Chim Acta	37832390	10.1016/j.cca.2023.117591	yes	no	no	2
P1-local-rescue	elsevier-or-cell_press	10.1016	54	J Control Release	37898344	10.1016/j.jconrel.2023.10.039	no	no	no	3
P1-local-rescue	elsevier-or-cell_press	10.1016	54	Heliyon	37928040	10.1016/j.heliyon.2023.e21057	yes	yes	no	1
P1-local-rescue	elsevier-or-cell_press	10.1016	54	ESMO Open	37951129	10.1016/j.esmoop.2023.102051	yes	yes	no	1
P1-local-rescue	elsevier-or-cell_press	10.1016	54	Clin Colorectal Cancer	37980216	10.1016/j.clcc.2023.10.004	yes	no	no	2
P1-local-rescue	elsevier-or-cell_press	10.1016	54	Transl Oncol	38029508	10.1016/j.tranon.2023.101845	yes	yes	no	1
P1-local-rescue	elsevier-or-cell_press	10.1016	54	Synth Syst Biotechnol	38099061	10.1016/j.synbio.2023.11.004	yes	yes	no	1
P1-local-rescue	elsevier-or-cell_press	10.1016	54	J Cyst Fibros	38104000	10.1016/j.jcf.2023.12.004	yes	no	yes	1
P1-local-rescue	wiley	10.1002	26	Mol Carcinog	28926134	10.1002/mc.22738	no	no	no	3
P1-local-rescue	wiley	10.1002	26	J Mass Spectrom	28940471	10.1002/jms.4032	yes	no	no	2
P1-local-rescue	wiley	10.1002	26	Mol Nutr Food Res	29750437	10.1002/mnfr.201800178	yes	yes	no	1
P1-local-rescue	wiley	10.1002	26	Int J Cancer	30365870	10.1002/ijc.31941	no	no	no	3
P1-local-rescue	wiley	10.1002	26	Cancer Med	30575318	10.1002/cam4.1913	yes	yes	no	1
P1-local-rescue	wiley	10.1002	26	J Genet Couns	30710467	10.1002/jgc4.1048	yes	no	no	2
P1-local-rescue	wiley	10.1002	26	Mol Oncol	31254442	10.1002/1878-0261.12539	yes	yes	no	1
P1-local-rescue	wiley	10.1002	26	Int J Cancer	33844851	10.1002/ijc.33596	yes	no	no	2
P1-local-rescue	wiley	10.1002	26	JGH Open	33860101	10.1002/jgh3.12529	yes	yes	no	1
P1-local-rescue	wiley	10.1002	26	Mol Oncol	34328665	10.1002/1878-0261.13070	yes	yes	no	1
P1-local-rescue	wiley	10.1002	26	Prostate	34516694	10.1002/pros.24223	yes	no	no	2
P1-local-rescue	wiley	10.1002	26	J Cachexia Sarcopenia Muscle	34585527	10.1002/jcsm.12798	yes	yes	yes	0
P1-local-rescue	wiley	10.1002	26	Cancer Med	34821068	10.1002/cam4.4384	yes	no	no	2
P1-local-rescue	wiley	10.1002	26	BJUI Compass	35475151	10.1002/bco2.104	yes	no	no	2
P1-local-rescue	wiley	10.1002	26	Int J Cancer	36522829	10.1002/ijc.34398	yes	no	no	2
P1-local-rescue	wiley	10.1002	26	Cancer Med	36999930	10.1002/cam4.5868	yes	yes	no	1
P1-local-rescue	wiley	10.1002	26	Cancer Med	37260140	10.1002/cam4.6194	yes	yes	no	1
P1-local-rescue	wiley	10.1002	26	Cancer Med	37387515	10.1002/cam4.6281	yes	yes	no	1
P1-local-rescue	wiley	10.1002	26	Cancer Med	37548332	10.1002/cam4.6414	yes	yes	no	1
P1-local-rescue	wiley	10.1002	26	Mol Oncol	37558206	10.1002/1878-0261.13506	yes	yes	yes	0
P1-local-rescue	wiley	10.1002	26	Cancer Med	37641475	10.1002/cam4.6483	yes	yes	no	1
P1-local-rescue	wiley	10.1002	26	Cancer Med	37766594	10.1002/cam4.6534	yes	no	no	2
P1-local-rescue	wiley	10.1002	26	J Pathol	37792663	10.1002/path.6196	yes	no	no	2
P1-local-rescue	wiley	10.1002	26	Genes Chromosomes Cancer	37795928	10.1002/gcc.23208	yes	no	no	2
P1-local-rescue	wiley	10.1002	26	Immun Inflamm Dis	38018574	10.1002/iid3.1067	yes	no	no	2
P1-local-rescue	wiley	10.1002	26	J Sci Food Agric	38111159	10.1002/jsfa.13227	yes	no	no	2
P1-local-rescue	taylor-francis	10.1080	23	Gut Microbes	28914591	10.1080/19490976.2017.1379637	yes	no	yes	1
P1-local-rescue	taylor-francis	10.1080	23	Gut Microbes	29420132	10.1080/19490976.2018.1435246	yes	no	no	2
P1-local-rescue	taylor-francis	10.1080	23	Gut Microbes	29517944	10.1080/19490976.2018.1441663	yes	no	no	2
P1-local-rescue	taylor-francis	10.1080	23	Cancer Biol Ther	29580161	10.1080/15384047.2018.1456605	yes	no	yes	1
P1-local-rescue	taylor-francis	10.1080	23	Cancer Biol Ther	30239257	10.1080/15384047.2018.1507255	yes	no	no	2
P1-local-rescue	taylor-francis	10.1080	23	Nutr Cancer	30843732	10.1080/01635581.2019.1578394	no	no	no	2
P1-local-rescue	taylor-francis	10.1080	23	Emerg Microbes Infect	31169073	10.1080/22221751.2019.1622455	yes	yes	no	1
P1-local-rescue	taylor-francis	10.1080	23	Expert Rev Pharmacoecon Outcomes Res	33852815	10.1080/14737167.2021.1917385	yes	no	no	2
P1-local-rescue	taylor-francis	10.1080	23	Nutr Cancer	34192986	10.1080/01635581.2021.1944649	no	no	no	2
P1-local-rescue	taylor-francis	10.1080	23	Oncoimmunology	34595059	10.1080/2162402X.2021.1976953	yes	yes	no	1
P1-local-rescue	taylor-francis	10.1080	23	Nucleosides Nucleotides Nucleic Acids	34844511	10.1080/15257770.2021.2008432	no	no	no	2
P1-local-rescue	taylor-francis	10.1080	23	Gut Microbes	35188868	10.1080/19490976.2022.2038863	yes	yes	no	1
P1-local-rescue	taylor-francis	10.1080	23	Gut Microbes	35259052	10.1080/19490976.2022.2046246	yes	yes	no	1
P1-local-rescue	taylor-francis	10.1080	23	Gut Microbes	35638103	10.1080/19490976.2022.2078620	yes	yes	yes	0
P1-local-rescue	taylor-francis	10.1080	23	Gut Microbes	35877697	10.1080/19490976.2022.2100203	yes	yes	no	1
P1-local-rescue	taylor-francis	10.1080	23	Gut Microbes	36050867	10.1080/19490976.2022.2107387	yes	yes	no	1
P1-local-rescue	taylor-francis	10.1080	23	Gut Microbes	36343662	10.1080/19490976.2022.2132903	yes	yes	no	1
P1-local-rescue	taylor-francis	10.1080	23	Gut Microbes	36369736	10.1080/19490976.2022.2139979	yes	yes	no	1
P1-local-rescue	taylor-francis	10.1080	23	Gut Microbes	37635357	10.1080/19490976.2023.2245562	yes	yes	yes	0
P1-local-rescue	taylor-francis	10.1080	23	Gut Microbes	37702461	10.1080/19490976.2023.2255345	yes	yes	no	1
P1-local-rescue	taylor-francis	10.1080	23	Gut Microbes	37795995	10.1080/19490976.2023.2263934	yes	yes	no	1
P1-local-rescue	taylor-francis	10.1080	23	Gut Microbes	37842920	10.1080/19490976.2023.2265138	yes	yes	no	1
P1-local-rescue	taylor-francis	10.1080	23	Gut Microbes	38038385	10.1080/19490976.2023.2288200	yes	yes	no	1
P1-local-rescue	elsevier-gastro	10.1053	8	Gastroenterology	28823860	10.1053/j.gastro.2017.08.022	no	no	no	3
P1-local-rescue	elsevier-gastro	10.1053	8	Gastroenterology	29689266	10.1053/j.gastro.2018.04.018	yes	no	no	2
P1-local-rescue	elsevier-gastro	10.1053	8	Gastroenterology	30063920	10.1053/j.gastro.2018.07.028	yes	no	no	2
P1-local-rescue	elsevier-gastro	10.1053	8	Gastroenterology	30550822	10.1053/j.gastro.2018.12.003	no	no	no	3
P1-local-rescue	elsevier-gastro	10.1053	8	Gastroenterology	32920015	10.1053/j.gastro.2020.09.003	no	no	no	3
P1-local-rescue	elsevier-gastro	10.1053	8	Gastroenterology	33581124	10.1053/j.gastro.2021.02.020	yes	no	no	2
P1-local-rescue	elsevier-gastro	10.1053	8	Gastroenterology	34126062	10.1053/j.gastro.2021.06.009	yes	no	yes	1
P1-local-rescue	elsevier-gastro	10.1053	8	Gastroenterology	36933623	10.1053/j.gastro.2023.03.205	yes	no	no	2
P1-local-rescue	wiley	10.1111	5	Cancer Sci	29288512	10.1111/cas.13497	yes	yes	no	1
P1-local-rescue	wiley	10.1111	5	Environ Microbiol	30548192	10.1111/1462-2920.14498	yes	yes	no	1
P1-local-rescue	wiley	10.1111	5	Cancer Sci	34449929	10.1111/cas.15119	yes	yes	no	1
P1-local-rescue	wiley	10.1111	5	J Gastroenterol Hepatol	34907602	10.1111/jgh.15760	yes	no	no	2
P1-local-rescue	wiley	10.1111	5	Colorectal Dis	37743721	10.1111/codi.16733	yes	no	no	2
P2-batch-probe	aacr	10.1158	13	Cancer Prev Res (Phila)	29636352	10.1158/1940-6207.CAPR-17-0370	yes	no	no	2
P2-batch-probe	aacr	10.1158	13	Cancer Epidemiol Biomarkers Prev	30373903	10.1158/1055-9965.EPI-18-0542	no	no	no	3
P2-batch-probe	aacr	10.1158	13	Cancer Epidemiol Biomarkers Prev	30523039	10.1158/1055-9965.EPI-18-0773	yes	no	no	2
P2-batch-probe	aacr	10.1158	13	Clin Cancer Res	33298472	10.1158/1078-0432.CCR-20-3445	yes	no	no	2
P2-batch-probe	aacr	10.1158	13	Cancer Prev Res (Phila)	33361317	10.1158/1940-6207.CAPR-20-0270	yes	no	no	2
P2-batch-probe	aacr	10.1158	13	Clin Cancer Res	33547199	10.1158/1078-0432.CCR-20-4699	yes	no	no	2
P2-batch-probe	aacr	10.1158	13	Cancer Res	34162680	10.1158/0008-5472.CAN-21-0453	no	no	no	3
P2-batch-probe	aacr	10.1158	13	Clin Cancer Res	34433650	10.1158/1078-0432.CCR-21-1906	yes	no	no	2
P2-batch-probe	aacr	10.1158	13	Cancer Epidemiol Biomarkers Prev	34737207	10.1158/1055-9965.EPI-21-0463	yes	no	no	2
P2-batch-probe	aacr	10.1158	13	Cancer Epidemiol Biomarkers Prev	34782392	10.1158/1055-9965.EPI-21-0188	yes	no	no	2
P2-batch-probe	aacr	10.1158	13	Cancer Immunol Res	35101901	10.1158/2326-6066.CIR-21-0666	yes	no	no	2
P2-batch-probe	aacr	10.1158	13	Cancer Epidemiol Biomarkers Prev	36525653	10.1158/1055-9965.EPI-22-0608	yes	no	yes	1
P2-batch-probe	aacr	10.1158	13	Cancer Discov	36862804	10.1158/2159-8290.CD-22-0966	yes	yes	no	1
P2-batch-probe	oup	10.1093	10	J Antimicrob Chemother	29438479	10.1093/jac/dky016	yes	no	no	2
P2-batch-probe	oup	10.1093	10	Am J Epidemiol	29608646	10.1093/aje/kwy064	yes	no	no	2
P2-batch-probe	oup	10.1093	10	Inflamm Bowel Dis	30794281	10.1093/ibd/izz020	yes	no	no	2
P2-batch-probe	oup	10.1093	10	J Nutr	31051496	10.1093/jn/nxy255	yes	no	no	2
P2-batch-probe	oup	10.1093	10	Am J Clin Nutr	31175806	10.1093/ajcn/nqy325	no	no	no	3
P2-batch-probe	oup	10.1093	10	Am J Clin Nutr	31291462	10.1093/ajcn/nqz139	no	no	no	3
P2-batch-probe	oup	10.1093	10	Bioinformatics	33346799	10.1093/bioinformatics/btaa1056	yes	no	no	2
P2-batch-probe	oup	10.1093	10	NAR Cancer	34988460	10.1093/narcan/zcab049	yes	yes	no	1
P2-batch-probe	oup	10.1093	10	Brief Bioinform	37406190	10.1093/bib/bbad255	yes	no	no	2
P2-batch-probe	oup	10.1093	10	BJS Open	38006331	10.1093/bjsopen/zrad105	yes	yes	no	1
P2-batch-probe	oncotarget	10.18632	7	Oncotarget	29228570	10.18632/oncotarget.18241	yes	yes	no	1
P2-batch-probe	oncotarget	10.18632	7	Oncotarget	29340028	10.18632/oncotarget.20677	yes	yes	no	1
P2-batch-probe	lww	10.1097	7	J Clin Gastroenterol	29432368	10.1097/MCG.0000000000000979	no	no	no	3
P2-batch-probe	sage	10.1177	7	United European Gastroenterol J	29435321	10.1177/2050640617708953	yes	no	no	2
P2-batch-probe	oncotarget	10.18632	7	Oncotarget	29755661	10.18632/oncotarget.24912	yes	yes	no	1
P2-batch-probe	oncotarget	10.18632	7	Oncotarget	29755677	10.18632/oncotarget.25042	yes	yes	no	1
P2-batch-probe	oncotarget	10.18632	7	Oncotarget	30112118	10.18632/oncotarget.25778	yes	no	no	2
P2-batch-probe	sage	10.1177	7	Int J Tryptophan Res	30944520	10.1177/1178646919834550	yes	yes	yes	0
P2-batch-probe	sage	10.1177	7	Tumori	31068090	10.1177/0300891619847085	no	no	no	3
P2-batch-probe	oncotarget	10.18632	7	Oncotarget	31289620	10.18632/oncotarget.6463	yes	no	no	2
P2-batch-probe	sage	10.1177	7	Biol Res Nurs	33541122	10.1177/1099800421991656	no	no	no	3
P2-batch-probe	lww	10.1097	7	J Chin Med Assoc	33660622	10.1097/JCMA.0000000000000510	yes	no	no	2
P2-batch-probe	lww	10.1097	7	Eur J Gastroenterol Hepatol	34213504	10.1097/MEG.0000000000002181	no	no	no	3
P2-batch-probe	lww	10.1097	7	Ann Surg	35129506	10.1097/SLA.0000000000005261	no	no	yes	2
P2-batch-probe	oncotarget	10.18632	7	Aging (Albany NY)	35212644	10.18632/aging.203914	yes	no	yes	1
P2-batch-probe	sage	10.1177	7	Integr Cancer Ther	36412281	10.1177/15347354221138534	yes	no	no	2
P2-batch-probe	sage	10.1177	7	Biol Res Nurs	36859821	10.1177/10998004231159623	yes	no	no	2
P2-batch-probe	sage	10.1177	7	J Dent Res	36942967	10.1177/00220345231158269	no	no	no	3
P2-batch-probe	lww	10.1097	7	Chin Med J (Engl)	36959686	10.1097/CM9.0000000000002421	yes	no	no	2
P2-batch-probe	lww	10.1097	7	Ann Surg	37465976	10.1097/SLA.0000000000006015	yes	no	no	2
P2-batch-probe	lww	10.1097	7	Chin Med J (Engl)	37553874	10.1097/CM9.0000000000002752	yes	no	no	2
P2-batch-probe	mid-N-unknown	10.1155	5	Gastroenterol Res Pract	29887882	10.1155/2018/5284754	yes	no	no	2
P2-batch-probe	mid-N-unknown	10.1155	5	Evid Based Complement Alternat Med	30891076	10.1155/2019/3870812	yes	no	no	2
P2-batch-probe	mid-N-unknown	10.1155	5	Depress Res Treat	35003805	10.1155/2021/7967552	yes	no	no	2
P2-batch-probe	mid-N-unknown	10.1155	5	Dis Markers	35096207	10.1155/2022/7994074	yes	no	no	2
P2-batch-probe	mid-N-unknown	10.1155	5	Comput Math Methods Med	35251295	10.1155/2022/1940846	yes	yes	no	1
P2-batch-probe	mid-N-unknown	10.7150	4	Theranostics	31281534	10.7150/thno.35186	yes	yes	no	1
P2-batch-probe	mid-N-unknown	10.7150	4	Theranostics	34158863	10.7150/thno.59196	yes	yes	no	1
P2-batch-probe	mid-N-unknown	10.7150	4	Theranostics	35265196	10.7150/thno.66464	yes	yes	no	1
P2-batch-probe	mid-N-unknown	10.7150	4	J Cancer	37325051	10.7150/jca.83395	yes	no	no	2
IGNORE-not-worth-chasing	long-tail-singleton	10.1089	3	J Comput Biol	30106318	10.1089/cmb.2018.0072	no	no	no	3
IGNORE-not-worth-chasing	long-tail-singleton	10.2147	3	Cancer Manag Res	30323670	10.2147/CMAR.S176260	yes	no	no	2
IGNORE-not-worth-chasing	long-tail-singleton	10.1021	3	Anal Chem	30433760	10.1021/acs.analchem.8b03727	no	no	no	3
IGNORE-not-worth-chasing	long-tail-singleton	10.2147	3	Clin Exp Gastroenterol	30666146	10.2147/CEG.S186097	yes	no	yes	1
IGNORE-not-worth-chasing	long-tail-singleton	10.1159	3	Inflamm Intest Dis	30820436	10.1159/000495462	yes	no	no	2
IGNORE-not-worth-chasing	long-tail-singleton	10.1089	3	J Comput Biol	30942618	10.1089/cmb.2018.0224	yes	no	no	2
IGNORE-not-worth-chasing	long-tail-singleton	10.2147	3	Cancer Manag Res	33776484	10.2147/CMAR.S294936	yes	no	no	2
IGNORE-not-worth-chasing	long-tail-singleton	10.1021	3	J Proteome Res	34053222	10.1021/acs.jproteome.1c00147	no	no	no	3
IGNORE-not-worth-chasing	long-tail-singleton	10.1039	3	RSC Chem Biol	34458799	10.1039/d0cb00228c	yes	yes	no	1
IGNORE-not-worth-chasing	long-tail-singleton	10.1159	3	Digestion	34619680	10.1159/000519487	no	no	no	3
IGNORE-not-worth-chasing	long-tail-singleton	10.1159	3	Digestion	36349755	10.1159/000527170	no	no	no	3
IGNORE-not-worth-chasing	long-tail-singleton	10.1039	3	Mol Omics	37039269	10.1039/d3mo00021d	no	no	no	3
IGNORE-not-worth-chasing	long-tail-singleton	10.1089	3	OMICS	37195730	10.1089/omi.2023.0034	no	no	no	3
IGNORE-not-worth-chasing	long-tail-singleton	10.1021	3	Anal Chem	37310720	10.1021/acs.analchem.3c01085	yes	no	no	2
IGNORE-not-worth-chasing	long-tail-singleton	10.1039	3	Food Funct	37740374	10.1039/d3fo01356a	yes	no	no	2
IGNORE-not-worth-chasing	long-tail-singleton	10.1001	2	JAMA Oncol	29327043	10.1001/jamaoncol.2017.4777	yes	no	no	2
IGNORE-not-worth-chasing	long-tail-singleton	10.3892	2	Oncol Lett	30854059	10.3892/ol.2019.9906	yes	no	no	2
IGNORE-not-worth-chasing	long-tail-singleton	10.1172	2	J Clin Invest	30855275	10.1172/JCI124196	yes	no	yes	1
IGNORE-not-worth-chasing	long-tail-singleton	10.7554	2	Elife	30885294	10.7554/eLife.45931	yes	no	no	2
IGNORE-not-worth-chasing	long-tail-singleton	10.1042	2	Emerg Top Life Sci	33525770	10.1042/ETLS20170045	no	no	no	3
IGNORE-not-worth-chasing	long-tail-singleton	10.1172	2	JCI Insight	33571170	10.1172/jci.insight.144561	yes	yes	no	1
IGNORE-not-worth-chasing	long-tail-singleton	10.3748	2	World J Gastroenterol	33911468	10.3748/wjg.v27.i14.1465	yes	no	yes	1
IGNORE-not-worth-chasing	long-tail-singleton	10.1001	2	JAMA Netw Open	34767023	10.1001/jamanetworkopen.2021.34308	yes	yes	no	1
IGNORE-not-worth-chasing	long-tail-singleton	10.3748	2	World J Gastroenterol	34876791	10.3748/wjg.v27.i42.7311	yes	no	yes	1
IGNORE-not-worth-chasing	long-tail-singleton	10.4103	2	J Cancer Res Ther	35381769	10.4103/0973-1482.341139	no	no	no	3
IGNORE-not-worth-chasing	long-tail-singleton	10.1042	2	Biosci Rep	37218575	10.1042/BSR20230609	yes	no	no	2
IGNORE-not-worth-chasing	long-tail-singleton	10.1099	2	J Med Microbiol	37288545	10.1099/jmm.0.001699	no	no	no	3
IGNORE-not-worth-chasing	long-tail-singleton	10.1099	2	Int J Syst Evol Microbiol	37436807	10.1099/ijsem.0.005958	no	no	no	3
IGNORE-not-worth-chasing	long-tail-singleton	10.4103	2	Saudi J Med Med Sci	37533658	10.4103/sjmms.sjmms_3_23	yes	no	no	2
IGNORE-not-worth-chasing	long-tail-singleton	10.3892	2	Oncol Lett	37600329	10.3892/ol.2023.13977	yes	yes	no	1
IGNORE-chinese-institution-only	chinese-regional	10.3969	1	Nan Fang Yi Ke Da Xue Xue Bao	28951355	10.3969/j.issn.1673-4254.2017.09.03	no	no	yes	2
IGNORE-not-worth-chasing	long-tail-singleton	10.3791	1	J Vis Exp	29553541	10.3791/57182	no	no	no	3
IGNORE-not-worth-chasing	long-tail-singleton	10.1373	1	Clin Chem	29914865	10.1373/clinchem.2018.289728	no	no	no	3
IGNORE-not-worth-chasing	long-tail-singleton	10.5005	1	Euroasian J Hepatogastroenterol	29963455	10.5005/jp-journals-10018-1251	yes	no	no	2
IGNORE-not-worth-chasing	long-tail-singleton	10.21873	1	Anticancer Res	30275180	10.21873/anticanres.12897	yes	no	no	2
IGNORE-not-worth-chasing	long-tail-singleton	10.4291	1	World J Gastrointest Pathophysiol	30283710	10.4291/wjgp.v9.i2.47	yes	no	no	2
IGNORE-not-worth-chasing	long-tail-singleton	10.14715	1	Cell Mol Biol (Noisy-le-grand)	30403593	10.14715/cmb/2018.64.13.8	yes	no	no	2
IGNORE-not-worth-chasing	long-tail-singleton	10.14712	1	Acta Medica (Hradec Kralove)	30543514	10.14712/18059694.2018.125	yes	no	no	2
IGNORE-not-worth-chasing	long-tail-singleton	10.4014	1	J Microbiol Biotechnol	30602267	10.4014/jmb.1811.11010	no	no	no	3
IGNORE-not-worth-chasing	long-tail-singleton	10.21037	1	J Thorac Dis	30622786	10.21037/jtd.2018.10.72	yes	no	no	2
IGNORE-not-worth-chasing	long-tail-singleton	10.4081	1	Arch Ital Urol Androl	30655633	10.4081/aiua.2018.4.227	yes	no	no	2
IGNORE-not-worth-chasing	long-tail-singleton	10.1590	1	Arq Gastroenterol	30785527	10.1590/S0004-2803.201800000-87	yes	no	no	2
IGNORE-not-worth-chasing	long-tail-singleton	10.7883	1	Jpn J Infect Dis	32863352	10.7883/yoken.JJID.2020.382	yes	no	no	2
IGNORE-not-worth-chasing	long-tail-singleton	10.3904	1	Korean J Intern Med	33167104	10.3904/kjim.2019.373	yes	no	no	2
IGNORE-not-worth-chasing	long-tail-singleton	10.15430	1	J Cancer Prev	33842404	10.15430/JCP.2021.26.1.32	yes	yes	no	1
IGNORE-not-worth-chasing	long-tail-singleton	10.3164	1	J Clin Biochem Nutr	33879965	10.3164/jcbn.20-121	yes	no	no	2
IGNORE-not-worth-chasing	long-tail-singleton	10.14336	1	Aging Dis	34341706	10.14336/AD.2020.1202	yes	yes	no	1
IGNORE-not-worth-chasing	long-tail-singleton	10.14309	1	Clin Transl Gastroenterol	34408121	10.14309/ctg.0000000000000389	yes	yes	no	1
IGNORE-not-worth-chasing	long-tail-singleton	10.4149	1	Neoplasma	34881628	10.4149/neo_2021_210907N1276	yes	no	no	2
IGNORE-chinese-institution-only	chinese-regional	10.12122	1	Nan Fang Yi Ke Da Xue Xue Bao	35365452	10.12122/j.issn.1673-4254.2022.02.14	no	no	no	3
IGNORE-not-worth-chasing	long-tail-singleton	10.5114	1	Contemp Oncol (Pozn)	35506038	10.5114/wo.2022.114537	yes	no	no	2
IGNORE-not-worth-chasing	long-tail-singleton	10.26442	1	Ter Arkh	36286892	10.26442/00403660.2021.08.200983	yes	no	no	2
IGNORE-not-worth-chasing	long-tail-singleton	10.5152	1	Turk J Gastroenterol	37158530	10.5152/tjg.2023.22515	yes	no	no	2
IGNORE-not-worth-chasing	long-tail-singleton	10.18332	1	Tob Induc Dis	37529669	10.18332/tid/168515	yes	yes	no	1
IGNORE-chinese-institution-only	chinese-regional	10.19723	1	Beijing Da Xue Xue Bao Yi Xue Ban	37534641	10.19723/j.issn.1671-167X.2023.04.008	no	no	no	3
IGNORE-not-worth-chasing	long-tail-singleton	10.4251	1	World J Gastrointest Oncol	37663945	10.4251/wjgo.v15.i8.1424	yes	no	no	2
IGNORE-not-worth-chasing	long-tail-singleton	10.1101	1	bioRxiv	37904958	10.1101/2023.10.17.562792	yes	no	no	2
IGNORE-already-complete	long-tail-done	10.7554	2	Elife	30747106	10.7554/eLife.42693	yes	yes	yes	0
IGNORE-already-complete	long-tail-done	10.7717	1	PeerJ	31392094	10.7717/peerj.7315	yes	yes	yes	0
